src_Intra-State-Group_32,src_Journal_109
src_Role_387,src_Painting_261
src_Armament_411,src_Journalist_135
src_Meeting_463,src_Astronaut_52
src_Symbol_237,src_Dynasty_215
src_Conductor_494,src_Technical-Scientific-Advance_93
src_Ecclesiarch_104,src_Fictional-Person_330
src_Trial_445,src_Religious-Movement_473
src_Economic-Organisation_464,src_Political-Organisation_168
src_Liturgical-Object_382,src_Armament_346
src_Intra-State-Group_427,src_Queen_437
src_Legislation_358,src_Economic-Process_304
src_Creator_167,src_Sultan_336
src_Actor_349,src_League_307
src_City_61,src_Train_398
src_Clerical-Leader_254,src_Professor_422
src_Building_289,src_King_18
src_Organisation_341,src_Relic_325
src_Musician_69,src_Intellectual-Construct_372
src_Conductor_363,src_Geographical-Feature_272
src_Professor_269,src_Intra-State-Group_397
src_Sculpture_30,src_Organisation_202
src_Sportsman_438,src_Movement_240
src_Trial_147,src_Emperor_3
src_Trial_341,src_Location_360
src_Minister_237,src_Vehicle_181
src_Dancer_307,src_Psychologist_251
src_Event_445,src_Head-of-Government_133
src_Uprising_112,src_Secular-Ideology_420
src_Professor_185,src_Pamphlet_487
src_Inventor_201,src_Criminal_185
src_Functionary_395,src_Social-Stratum_453
src_Geographical-Feature_491,src_Religious-Ideology_412
src_Structure_369,src_Uprising_40
src_Country_243,src_Foreign-Minister_18
src_Geographer_372,src_Stereotype-Group_479
src_Village_102,src_Party_87
src_Military-Organisation_207,src_Liturgical-Object_345
src_City_57,src_Village_19
src_Social-Stratum_431,src_Disease_162
src_War_440,src_Geographical-Discovery_136
src_Badge_50,src_Disaster_378
src_Stereotype-Group_263,src_Language_29
src_Intra-State-Group_202,src_Measurable-Trend_101
src_Emperor_429,src_Symbol_456
src_Other-Religious-Person_452,src_Politician_368
src_Secular-Leader_329,src_Astronaut_460
src_Settlement_447,src_Board_234
src_Settlement_398,src_Military-Unit_215
src_Engineer_436,src_Religious-Organisation_324
src_Artistic-Style_2,src_Head-of-State_256
src_Entertainer_473,src_Sculptor_391
src_Magnate_252,src_Symbol_153
src_Functionary_96,src_Religious-Ideology_302
src_Scientific-Instrument_348,src_Economic-Organisation_158
src_Event_58,src_Geographical-Region_492
src_Meeting_258,src_Military-Organisation_428
src_Commodity_223,src_Military-Person_114
src_Illness_248,src_Ritual_463
src_Language_30,src_Inventor_350
src_Period-in-Office_107,src_Political-Region_396
src_Fictional-Event_450,src_Cultural-Agreement_144
src_Public-Oration_395,src_Entertainer_151
src_Liturgical-Object_321,src_Art-Form_373
src_Role_29,src_Fictional-Person_29
src_Illness_270,src_Commodity_39
src_Building_170,src_Treaty_122
src_Time-Dependent-Relation_160,src_National-Symbol_338
src_Pastime_322,src_Train_107
src_City_211,src_Professor_421
src_Environment_235,src_Scientist_197
src_Scandal_312,src_Head-of-State_364
src_Landmark_346,src_Location-Part-Relation_448
src_Painting_161,src_Sculptor_251
src_Cleric_62,src_Vehicle_41
src_Clothing_44,src_Secular-Ideology_342
src_Geographical-Discovery_330,src_Building_152
src_Diplomat_371,src_Secular-Movement_455
src_Badge_89,src_Pope_154
src_King_150,src_Geographical-Region_390
src_Life-Event_289,src_Period_475
src_Actor_102,src_Secular-Ideology_411
src_Discoverer_38,src_Natural-Object_84
src_Pastime_338,src_Composer_490
src_Disaster_9,src_Dynasty_170
src_Pope_25,src_Functionary_366
src_Idea_87,src_Journalist_88
src_Pastime_144,src_Entertainer_335
src_Abbey_294,src_Religious-Movement_389
src_Uprising_99,src_Artistic-Movement_375
src_Emperor_28,src_Inventor_343
src_Church_157,src_Secular-Leader_283
src_Theologian_409,src_Head-of-Government_469
src_Flavour_30,src_Artist_407
src_Public-Oration_183,src_Cathedral_485
src_Religious-Organisation_322,src_Book_305
src_Art-Form_425,src_Artistic-Style_290
src_Other-Religious-Leader_244,src_Geographical-Region_62
src_University_230,src_Architect_274
src_International-Organisation_290,src_Settlement_365
src_Relic_369,src_Social-Stratum_336
src_Illness_405,src_Geographical-Feature_185
src_Representative-Institution_480,src_Cultural-Agreement_192
src_Educational-Organisation_435,src_Sculptor_187
src_Movement_350,src_Ritual_69
src_Measurable-Trend_263,src_Flavour_177
src_Water_307,src_Architect_321
src_Artefact_329,src_Fictional-Person_51
src_Leader_93,src_Religious-Leader_445
src_Work-of-Art_495,src_Other-Religious-Person_433
src_Economic-Symbol_222,src_Author_196
src_Military-Person_260,src_Battle_303
src_Geographical-Discovery_330,src_Religious-Symbol_280
src_Secular-Movement_414,src_Governmental-Organisation_367
src_Landmark_444,src_Pastime_393
src_Church_157,src_Social-Group_382
src_Artefact_349,src_Conductor_175
src_Political-Region_412,src_Author_87
src_Religious-Leader_262,src_Building_463
src_Train_257,src_Religious-Organisation_201
src_Scandal_480,src_Conceptual-Object_54
src_Leader_17,src_Election_257
src_Discoverer_7,src_Public-Oration_456
src_Theologian_323,src_Head-of-State_297
src_Queen_61,src_Landmark_290
src_Religious-Ideology_108,src_Category_134
src_Flavour_126,src_Settlement_224
src_Country_377,src_Trades-Unionist_142
src_Magnate_344,src_Person_455
src_Population-Movement_334,src_Religious-Community_250
src_Economic-Process_394,src_Flavour_207
src_Idea_414,src_Building_97
src_Trade-Association_326,src_Country_422
src_Religious-Practice_6,src_Technical-Scientific-Advance_70
src_Treaty_456,src_Work-of-Art_294
src_Cultural-Agreement_345,src_Queen_78
src_Sportsman_206,src_Public-Oration_235
src_Journalist_359,src_Entertainer_355
src_Food_411,src_Object_26
src_Secular-Leader_320,src_Composer_433
src_Architect_466,src_Prince_19
src_Architect_227,src_Sportsman_364
src_Governmental-Organisation_263,src_Symbol_311
src_Religious-Order_177,src_Location_464
src_Trial_358,src_University_394
src_Conceptual-Object_124,src_Population-Movement_75
src_Natural-Object_120,src_Diplomat_42
src_Psychologist_435,src_National-Symbol_178
src_Symbol_15,src_Journalist_193
src_Composer_166,src_Location-Part-Relation_84
src_Fictional-Event_299,src_Role_358
src_Geographical-Feature_208,src_Trades-Unionist_85
src_Village_52,src_Art-Form_216
src_Political-Symbol_379,src_Food_307
src_Social-Group_324,src_Social-Group_389
src_Social-Group_107,src_Prince_176
src_Trial_104,src_King_32
src_War_224,src_Landmark_293
src_Uprising_432,src_Functionary_239
src_Train_235,src_Treaty_152
src_Board_205,src_Public-Oration_313
src_Magnate_398,src_National-Symbol_114
src_Entertainer_167,src_Criminal_396
src_Engineer_493,src_Representative-Institution_314
src_Settlement_389,src_Secular-Movement_312
src_Stereotype-Group_129,src_Engineer_388
src_Artist_58,src_Religious-Movement_178
src_Inventor_161,src_Political-Organisation_250
src_Public-Oration_303,src_Ideology_165
src_Functionary_493,src_Legislation_9
src_Liturgical-Object_122,src_Piece-of-Music_72
src_Politician_73,src_Pamphlet_296
src_Astronaut_74,src_Animal_285
src_Religious-Organisation_260,src_Philosopher_424
src_Scientific-Instrument_353,src_Functionary_479
src_Writing_332,src_Natural-Object_130
src_Engineer_140,src_Non-Military-Conflict_56
src_Liturgical-Object_153,src_Crime_152
src_Book_7,src_Magnate_259
src_Symbol_451,src_Organisation_67
src_Magnate_300,src_University_347
src_Monastery_183,src_Newspaper_126
src_Food_62,src_Sportsman_2
src_Religious-Movement_205,src_Military-Person_36
src_Trades-Union_471,src_Disease_190
src_Technical-Scientific-Advance_470,src_Work-of-Art_458
src_Religious-Movement_420,src_Life-Event_375
src_Scientist_258,src_Creator_195
src_Secular-Leader_333,src_Painter_190
src_Clothing_155,src_Writing_329
src_Religious-Symbol_180,src_Settlement_339
src_Abbey_347,src_Period-in-Office_494
src_Religious-Symbol_92,src_Stereotype-Group_279
src_Author_404,src_Environment_499
src_Religious-Practice_452,src_Person-Role_162
src_FuzzyTemporalInterval_287,src_Conceptual-Object_407
src_Religious-Community_479,src_Social-Stratum_354
src_Trial_23,src_Badge_218
src_Geographical-Discovery_174,src_International-Organisation_438
src_Theologian_404,src_Meeting_10
src_Magnate_232,src_Social-Stratum_403
src_Abstract-Notion_186,src_Ecclesiarch_368
src_Movement_43,src_Life-Event_290
src_Structure_281,src_Religious-Practice_179
src_Political-Symbol_177,src_Intellectual-Movement_223
src_Artefact_25,src_Cultural-Agreement_236
src_Location_307,src_VicodiOI_147
src_Person_273,src_Other-Religious-Person_188
src_Philosopher_81,src_Theologian_230
src_Economist_357,src_Building_313
src_Dynasty_345,src_Political-Organisation_353
src_Religious-Leader_402,src_University_88
src_Geographical-Region_191,src_Disaster_201
src_Water_281,src_Idea_256
src_University_112,src_Artefact_114
src_Stereotype-Group_177,src_Natural-Object_37
src_Political-Region_421,src_Trial_325
src_Relic_89,src_Inventor_5
src_Minister_478,src_Person-Role_129
src_Life-Event_15,src_Artistic-Style_454
src_Head-of-State_117,src_War_185
src_Economist_145,src_Disease_197
src_Intellectual-Movement_62,src_Economic-Organisation_367
src_Clerical-Leader_342,src_Ritual_256
src_Sultan_347,src_Prince_350
src_Prince_253,src_Business-Leader_377
src_Magnate_2,src_Object_233
src_Period_235,src_Abbey_156
src_Head-of-Government_296,src_Military-Unit_137
src_Artist_299,src_Geographical-Feature_276
src_Organisation_38,src_Artistic-Movement_138
src_Ecclesiarch_245,src_Leader_278
src_Party_90,src_Discoverer_326
src_Religious-Movement_166,src_Object_476
src_Geographer_374,src_Secular-Leader_472
src_Role_244,src_Individual_335
src_Dramaturge_134,src_Religious-Community_390
src_Building_355,src_Clothing_149
src_Idea_102,src_Pamphlet_71
src_Flavour_249,src_Philanthropist_343
src_International-Organisation_333,src_Field-of-Knowledge_21
src_Environment_75,src_Religious-Community_207
src_Piece-of-Music_81,src_Pamphlet_256
src_Jurist_483,src_Meeting_58
src_Military-Unit_337,src_Fictional-Event_28
src_Country_87,src_Jurist_275
src_Religious-Leader_408,src_Military-Organisation_175
src_Crime_208,src_Geographical-Feature_418
src_VicodiOI_125,src_Painter_100
src_Social-Group_85,src_Dancer_33
src_Artistic-Movement_151,src_Piece-of-Music_360
src_Inventor_103,src_Ethnic-Group_302
src_Military-Person_191,src_Pastime_108
src_Animal_193,src_Person_142
src_Cultural-Agreement_107,src_Economic-Process_212
src_Leader_15,src_Economist_175
src_TemporalInterval_491,src_Religious-Leader_53
src_Representative-Institution_416,src_Economist_307
src_Art-Form_136,src_Scientific-Instrument_435
src_Religious-Order_41,src_Natural-Object_414
src_Dancer_374,src_Jurist_108
src_Actor_221,src_Governmental-Organisation_451
src_Painting_39,src_Emperor_431
src_Food_369,src_Environment_123
src_Other-Religious-Leader_436,src_Criminal_389
src_International-Alliance_395,src_Battle_284
src_Ideology_284,src_National-Symbol_175
src_Newspaper_213,src_Settlement_447
src_Location-Part-Relation_54,src_Trade-Association_18
src_Physician_81,src_Piece-of-Music_250
src_Church-Reformer_260,src_Philanthropist_28
src_Fictional-Person_87,src_Trades-Unionist_334
src_Relic_146,src_Art-Form_457
src_Economic-Process_456,src_Religious-Order_41
src_Period_75,src_Economist_475
src_Foreign-Minister_362,src_Stereotype-Group_252
src_Governmental-Organisation_101,src_Economic-Organisation_296
src_Treaty_19,src_Philanthropist_458
src_Professor_71,src_Trades-Union_264
src_Work-of-Art_325,src_Head-of-State_103
src_Military-Unit_495,src_Astronaut_375
src_Discoverer_488,src_Journalist_485
src_Religious-Leader_446,src_Public-Oration_311
src_Inventor_406,src_Sculptor_406
src_Population-Movement_476,src_Saint_380
src_Intellectual-Movement_379,src_Abbey_64
src_Church-Reformer_327,src_Train_497
src_Disaster_62,src_Liturgical-Object_114
src_Abstract-Notion_474,src_Time-Dependent-Relation_49
src_Intellectual-Construct_262,src_Writing_121
src_Head-of-Government_135,src_Composer_299
src_Criminal_258,src_Time_417
src_Church-Reformer_348,src_Field-of-Knowledge_64
src_Trades-Unionist_179,src_Disaster_467
src_Ethnic-Group_379,src_Social-Group_488
src_National-Symbol_224,src_City_389
src_Economic-Enterprise_151,src_Clerical-Leader_285
src_Secular-Leader_216,src_Artistic-Movement_317
src_TemporalInterval_408,src_Scientific-Instrument_23
src_Person-Role_217,src_Secular-Leader_167
src_Language_52,src_Pamphlet_466
src_Dynasty_456,src_Election_163
src_Political-Region_489,src_Artist_358
src_Pamphlet_428,src_Country_417
src_Liturgical-Object_339,src_Non-Military-Conflict_405
src_Building_39,src_Politician_156
src_Flavour_212,src_Non-Military-Conflict_103
src_Meeting_229,src_Writing_423
src_Board_176,src_Life-Event_380
src_Conductor_265,src_Disaster_242
src_Book_492,src_Person-Role_13
src_Geographical-Discovery_29,src_International-Organisation_421
src_Illness_96,src_Representative-Institution_252
src_Political-Region_290,src_Settlement_202
src_Head-of-State_7,src_Battle_475
src_Individual_50,src_Economic-Organisation_439
src_Church_428,src_Public-Oration_52
src_Sculpture_208,src_Economic-Enterprise_54
src_Movement_272,src_Country_443
src_Religious-Movement_109,src_Functionary_194
src_Clerical-Leader_244,src_Queen_285
src_Political-Symbol_250,src_Philanthropist_404
src_Treaty_14,src_Church-Reformer_263
src_Diplomat_110,src_Relic_79
src_Secular-Ideology_56,src_Geographer_304
src_Population-Movement_378,src_Leader_327
src_Location-Part-Relation_234,src_Geographical-Feature_418
src_Secular-Movement_344,src_Disease_7
src_Head-of-Government_450,src_Trades-Unionist_42
src_Structure_371,src_Church_58
src_Geographical-Feature_167,src_Ethnic-Group_11
src_Board_495,src_Composer_281
src_Jurist_420,src_Economist_26
src_Piece-of-Music_251,src_Object_306
src_Painting_444,src_International-Organisation_120
src_Life-Event_216,src_Actor_198
src_Other-Religious-Person_346,src_Population-Movement_266
src_Professor_44,src_International-Organisation_355
src_Philosopher_160,src_Dramaturge_359
src_Vehicle_409,src_Cleric_482
src_Armament_433,src_Painter_257
src_Artefact_218,src_Clerical-Leader_146
src_Ship_280,src_Life-Event_115
src_Train_171,src_Author_435
src_Location_52,src_Uprising_56
src_Category_382,src_Foreign-Minister_139
src_King_152,src_Uprising_283
src_Location-Part-Relation_50,src_Trades-Union_148
src_Clerical-Leader_205,src_Actor_353
src_Pastime_228,src_Emperor_116
src_Prince_57,src_Legislation_409
src_Military-Organisation_141,src_Discoverer_363
src_Relic_136,src_Commodity_42
src_Pamphlet_53,src_Settlement_360
src_Philosopher_67,src_Vehicle_315
src_Relic_188,src_Illness_459
src_Population-Movement_342,src_Functionary_85
src_Cleric_172,src_Meeting_71
src_Emperor_107,src_Settlement_457
src_Ritual_88,src_City_145
src_Technical-Scientific-Advance_426,src_Film-Maker_271
src_Sportsman_388,src_Ethnic-Group_319
src_Symbol_209,src_Social-Group_347
src_Conductor_83,src_Monastery_442
src_Settlement_219,src_Artistic-Style_263
src_Sculptor_272,src_War_476
src_Secular-Leader_138,src_Trade-Association_194
src_Crime_22,src_Uprising_86
src_National-Symbol_75,src_Social-Stratum_479
src_VicodiOI_196,src_Animal_479
src_Creator_370,src_Time_395
src_Social-Group_365,src_Population-Movement_278
src_Crime_36,src_Vehicle_10
src_Food_409,src_Person_495
src_Geographical-Feature_482,src_Time-Dependent-Relation_218
src_Location_243,src_Educational-Organisation_426
src_Person_250,src_League_261
src_Inventor_381,src_Election_497
src_Author_90,src_Individual_263
src_Flavour_124,src_Ecclesiarch_134
src_Economic-Enterprise_266,src_Geographical-Feature_342
src_Armament_226,src_Economic-Symbol_499
src_Politician_296,src_Badge_256
src_Pastime_96,src_Life-Event_376
src_Religious-Community_247,src_Relic_291
src_Period-in-Office_46,src_Individual_144
src_Object_430,src_Writing_112
src_Queen_424,src_International-Alliance_83
src_Economic-Symbol_427,src_Object_219
src_Disease_141,src_Dramaturge_220
src_Trades-Union_239,src_Artist_328
src_Military-Unit_65,src_Theologian_112
src_Religious-Symbol_230,src_Masonic-Lodge_176
src_Natural-Object_424,src_Religious-Practice_369
src_TemporalInterval_281,src_Disease_16
src_Author_342,src_Sultan_344
src_Time-Dependent_445,src_Religious-Movement_485
src_Composer_99,src_Animal_375
src_Animal_494,src_Diplomat_177
src_Journalist_74,src_Journal_451
src_National-Symbol_223,src_Cultural-Agreement_272
src_League_11,src_Composer_179
src_Newspaper_190,src_Scandal_452
src_Physician_10,src_Inventor_18
src_Treaty_147,src_Ship_432
src_Trades-Unionist_391,src_Philosopher_156
src_Minister_235,src_Architect_229
src_Journal_462,src_Author_109
src_Non-Military-Conflict_306,src_Artefact_379
src_Religious-Symbol_470,src_Abstract-Notion_200
src_Military-Person_283,src_Sportsman_493
src_Crime_284,src_Engineer_33
src_Party_85,src_Religious-Symbol_215
src_Structure_350,src_Treaty_118
src_Other-Religious-Leader_277,src_Jurist_91
src_Head-of-State_90,src_Public-Oration_73
src_Astronaut_488,src_Idea_241
src_Party_134,src_Abbey_288
src_Masonic-Lodge_44,src_Settlement_261
src_Psychologist_83,src_International-Organisation_283
src_Trial_407,src_Educational-Organisation_377
src_International-Alliance_28,src_Military-Unit_290
src_Secular-Ideology_365,src_Intellectual-Movement_287
src_Astronaut_26,src_Diplomat_4
src_Psychologist_355,src_Saint_98
src_Composer_235,src_Location-Part-Relation_116
src_Religious-Leader_231,src_Saint_25
src_Engineer_300,src_Artefact_103
src_Religious-Symbol_289,src_Category_323
src_Musician_225,src_Person-Role_139
src_Governmental-Organisation_313,src_Composer_149
src_Environment_157,src_Intellectual-Movement_225
src_Disease_329,src_Time_410
src_Geographical-Region_84,src_Cultural-Agreement_103
src_Professor_273,src_Artefact_50
src_Prince_359,src_Astronaut_47
src_Secular-Movement_31,src_Art-Form_474
src_Economic-Enterprise_468,src_Intra-State-Group_206
src_Philanthropist_227,src_Armament_417
src_Religious-Ideology_444,src_Economic-Enterprise_321
src_League_213,src_Piece-of-Music_153
src_Psychologist_78,src_Vehicle_262
src_Treaty_495,src_Geographical-Feature_46
src_Geographical-Discovery_123,src_Legislation_179
src_Painter_454,src_Location_350
src_Newspaper_305,src_Trade-Association_482
src_Dynasty_109,src_Field-of-Knowledge_315
src_Religious-Leader_298,src_Location-Part-Relation_7
src_Time-Dependent_291,src_Life-Event_195
src_Intra-State-Group_388,src_Political-Symbol_385
src_Intra-State-Group_152,src_Settlement_239
src_Publisher_437,src_Ship_416
src_Language_105,src_Ecclesiarch_339
src_Art-Form_122,src_Landmark_124
src_Location_421,src_Composer_427
src_War_436,src_Psychologist_164
src_Technical-Scientific-Advance_260,src_Monastery_21
src_Military-Unit_260,src_Work-of-Art_419
src_Population-Movement_268,src_Location_155
src_Saint_420,src_Religious-Order_126
src_Philosopher_435,src_Social-Stratum_1
src_Period_229,src_City_59
src_Social-Stratum_122,src_Trades-Unionist_253
src_Minister_174,src_Foreign-Minister_495
src_Architect_482,src_Language_405
src_Election_360,src_Other-Religious-Person_61
src_Village_39,src_Sportsman_348
src_Religious-Order_101,src_Minister_176
src_Educational-Organisation_270,src_Intra-State-Group_496
src_Armament_483,src_Cultural-Organisation_408
src_Dancer_196,src_Language_213
src_Population-Movement_492,src_Management-Organisation_385
src_Person_359,src_Economic-Process_32
src_Composer_404,src_International-Organisation_478
src_Monastery_405,src_Publisher_249
src_Uprising_488,src_Religious-Organisation_147
src_Geographical-Discovery_94,src_Landmark_160
src_Settlement_471,src_Vehicle_318
src_Religious-Community_240,src_Individual_35
src_Representative-Institution_393,src_Legislation_161
src_Journalist_314,src_Abstract-Notion_394
src_Head-of-Government_133,src_Scientist_250
src_Village_267,src_Painter_377
src_International-Organisation_145,src_Jurist_490
src_Artistic-Movement_297,src_Abbey_150
src_Food_190,src_Management-Organisation_318
src_Artefact_8,src_Inventor_479
src_Piece-of-Music_274,src_Religious-Order_368
src_Food_470,src_Cultural-Organisation_320
src_King_263,src_Cultural-Organisation_35
src_International-Organisation_219,src_Composer_262
src_Economic-Enterprise_95,src_Politician_242
src_Cultural-Organisation_432,src_Religious-Practice_176
src_Artistic-Movement_68,src_National-Symbol_360
src_League_382,src_Legislation_113
src_Magnate_198,src_Astronaut_466
src_Party_78,src_Clerical-Leader_60
src_Public-Oration_30,src_Head-of-State_110
src_National-Symbol_267,src_Pope_451
src_Food_435,src_Masonic-Lodge_406
src_Social-Stratum_16,src_VicodiOI_423
src_Painting_144,src_Inventor_47
src_Trade-Association_401,src_VicodiOI_314
src_Trial_182,src_Religious-Organisation_2
src_Art-Form_323,src_Cleric_395
src_Ethnic-Group_265,src_Dancer_42
src_Landmark_110,src_Artefact_475
src_Cleric_476,src_Period_19
src_Other-Religious-Leader_264,src_Sculpture_0
src_Scientist_395,src_Economic-Process_259
src_Philanthropist_253,src_Musician_56
src_Conductor_422,src_Pope_488
src_Time-Dependent_306,src_Religious-Practice_78
src_Party_121,src_Illness_108
src_Writing_20,src_Geographical-Region_280
src_Religious-Symbol_451,src_Religious-Movement_440
src_Trial_156,src_Sultan_13
src_Event_305,src_Time_497
src_Writing_390,src_Party_268
src_Journalist_494,src_Public-Oration_101
src_Actor_440,src_Scandal_67
src_Pollution_157,src_Language_427
src_Astronaut_33,src_Management-Organisation_229
src_Sportsman_24,src_Scientific-Instrument_382
src_Train_136,src_Ritual_296
src_Pamphlet_101,src_Scientist_177
src_Population-Movement_356,src_Party_435
src_Politician_441,src_Trial_49
src_City_79,src_Journal_71
src_Other-Religious-Person_6,src_Public-Oration_229
src_Philosopher_470,src_Organisation_42
src_Animal_346,src_Religious-Practice_404
src_Location_400,src_Time_195
src_Illness_16,src_Period-in-Office_146
src_Philosopher_168,src_Artefact_427
src_Natural-Object_39,src_Person-Role_59
src_Location-Part-Relation_45,src_Church-Reformer_379
src_Dramaturge_472,src_Cultural-Organisation_422
src_Jurist_493,src_Ethnic-Group_107
src_Idea_254,src_Relic_315
src_Cleric_265,src_League_459
src_Ecclesiarch_321,src_Religious-Leader_5
src_Dramaturge_332,src_Non-Military-Conflict_441
src_Badge_98,src_Cultural-Agreement_276
src_Non-Military-Conflict_357,src_Engineer_177
src_Journalist_466,src_Water_71
src_Church_332,src_Religious-Order_459
src_League_100,src_Category_462
src_Dynasty_9,src_Masonic-Lodge_301
src_Pollution_390,src_Clerical-Leader_145
src_Badge_310,src_Person_254
src_Scientist_24,src_Book_331
src_Battle_7,src_Military-Person_427
src_Church_494,src_Social-Group_303
src_Queen_446,src_Religious-Symbol_420
src_VicodiOI_4,src_Religious-Organisation_246
src_Relic_230,src_Military-Organisation_348
src_Discoverer_29,src_Engineer_187
src_Treaty_353,src_Water_248
src_Category_42,src_Economic-Symbol_85
src_Time_20,src_Technical-Scientific-Advance_35
src_Movement_5,src_Author_287
src_Ideology_95,src_Psychologist_5
src_Artist_53,src_Artefact_135
src_Church_295,src_Symbol_163
src_Sportsman_398,src_Religious-Ideology_450
src_Painter_157,src_Ship_133
src_Ideology_27,src_Monastery_21
src_Economist_326,src_Settlement_11
src_Water_306,src_Religious-Ideology_43
src_Pollution_467,src_Board_274
src_Religious-Community_147,src_Economic-Symbol_416
src_Life-Event_48,src_Election_324
src_Management-Organisation_126,src_Cathedral_7
src_Election_22,src_Food_3
src_Minister_324,src_Ideology_480
src_Clothing_115,src_Symbol_326
src_Social-Stratum_383,src_Natural-Object_6
src_Scandal_206,src_Social-Stratum_455
src_Abbey_236,src_Fictional-Person_381
src_Astronaut_157,src_King_301
src_Journal_137,src_Saint_269
src_Symbol_345,src_Stereotype-Group_244
src_Functionary_145,src_Armament_137
src_Religious-Ideology_50,src_Discoverer_367
src_International-Alliance_436,src_Illness_484
src_Religious-Ideology_480,src_Military-Organisation_428
src_Secular-Ideology_102,src_International-Organisation_43
src_Building_79,src_National-Symbol_460
src_Work-of-Art_123,src_Animal_177
src_Food_300,src_Period_14
src_Prince_153,src_Social-Stratum_413
src_Crime_371,src_Idea_344
src_Other-Religious-Person_483,src_Structure_386
src_Fictional-Person_82,src_Film-Maker_117
src_Economic-Symbol_377,src_Military-Organisation_78
src_Abstract-Notion_108,src_Economic-Enterprise_248
src_Treaty_151,src_Trades-Unionist_50
src_Professor_213,src_Educational-Organisation_427
src_Cathedral_373,src_Natural-Object_351
src_Economic-Organisation_438,src_Intellectual-Construct_16
src_Geographical-Feature_414,src_Country_60
src_Physician_195,src_Disaster_74
src_Geographical-Feature_71,src_Dramaturge_393
src_Secular-Ideology_478,src_Social-Stratum_464
src_Party_198,src_Crime_97
src_Religious-Organisation_79,src_Prince_13
src_Cleric_429,src_Public-Oration_352
src_Philosopher_231,src_Public-Oration_250
src_Military-Organisation_466,src_Trades-Union_369
src_Measurable-Trend_491,src_Location_268
src_Painting_318,src_Discoverer_129
src_Armament_20,src_TemporalInterval_466
src_Cultural-Organisation_55,src_League_197
src_Scientific-Instrument_310,src_Military-Person_86
src_Economic-Process_368,src_Astronaut_284
src_Clerical-Leader_498,src_Military-Unit_352
src_Organisation_254,src_Water_290
src_Piece-of-Music_414,src_Artistic-Style_81
src_Politician_38,src_Life-Event_5
src_Church-Reformer_282,src_Language_205
src_Ethnic-Group_108,src_Settlement_175
src_Religious-Leader_486,src_Newspaper_277
src_Religious-Ideology_115,src_Pastime_262
src_Cleric_136,src_Management-Organisation_137
src_City_367,src_Treaty_18
src_Emperor_124,src_Creator_146
src_Monastery_133,src_Professor_266
src_Governmental-Organisation_212,src_Period_241
src_Discoverer_242,src_Other-Religious-Person_255
src_Pope_327,src_Cathedral_25
src_Dynasty_358,src_Intellectual-Construct_438
src_Painting_180,src_Dynasty_173
src_Professor_81,src_Stereotype-Group_82
src_Stereotype-Group_242,src_Legislation_351
src_Economic-Enterprise_468,src_Management-Organisation_435
src_Cultural-Organisation_182,src_Military-Person_54
src_Meeting_20,src_Politician_208
src_Crime_230,src_Dramaturge_304
src_University_452,src_Economic-Enterprise_309
src_Religious-Practice_382,src_Religious-Organisation_136
src_Church_371,src_Artist_333
src_Country_46,src_Publisher_272
src_Astronaut_318,src_Art-Form_429
src_Journal_397,src_Time-Dependent_124
src_Entertainer_88,src_Abbey_334
src_Head-of-Government_225,src_Business-Leader_381
src_Newspaper_374,src_Sculpture_403
src_City_490,src_Composer_146
src_Language_494,src_Saint_204
src_Newspaper_274,src_Trades-Unionist_486
src_Technical-Scientific-Advance_381,src_Secular-Ideology_219
src_Entertainer_287,src_Jurist_199
src_Stereotype-Group_299,src_Secular-Ideology_226
src_Flavour_430,src_Population-Movement_468
src_City_299,src_Ethnic-Group_263
src_Time_224,src_Clothing_163
src_Role_438,src_Uprising_362
src_Philosopher_17,src_Political-Organisation_211
src_Queen_202,src_Clothing_2
src_Fictional-Person_182,src_Sculptor_350
src_Relic_220,src_Religious-Symbol_124
src_Role_344,src_Artefact_20
src_Political-Region_45,src_Building_369
src_Actor_344,src_Political-Symbol_159
src_Technical-Scientific-Advance_218,src_Ideology_204
src_Geographer_479,src_Legislation_464
src_Symbol_285,src_Social-Group_473
src_Head-of-Government_17,src_Social-Stratum_403
src_Dancer_256,src_Criminal_55
src_Geographical-Feature_435,src_Language_15
src_Time-Dependent-Relation_173,src_Author_466
src_Jurist_415,src_Journal_462
src_VicodiOI_251,src_Badge_154
src_Trade-Association_392,src_Sculpture_266
src_Disaster_397,src_University_109
src_Disease_284,src_Head-of-Government_113
src_Person-Role_107,src_Other-Religious-Person_400
src_Symbol_111,src_Sculpture_468
src_Emperor_94,src_Animal_10
src_Trades-Unionist_475,src_Fictional-Event_264
src_Dynasty_328,src_Object_411
src_King_156,src_Church-Reformer_39
src_Pope_167,src_Pollution_350
src_Architect_447,src_Creator_52
src_Social-Stratum_77,src_Political-Region_222
src_Sculptor_33,src_Philanthropist_247
src_Newspaper_26,src_Abstract-Notion_80
src_Individual_390,src_Illness_413
src_FuzzyTemporalInterval_115,src_Economist_43
src_Symbol_476,src_Book_273
src_Time-Dependent-Relation_330,src_Journal_287
src_Natural-Object_263,src_Leader_357
src_International-Alliance_149,src_Author_98
src_Monastery_219,src_Liturgical-Object_220
src_Fictional-Person_366,src_Emperor_117
src_Emperor_307,src_Technical-Scientific-Advance_405
src_Period-in-Office_42,src_Abbey_379
src_Trade-Association_402,src_Book_334
src_Intellectual-Movement_308,src_Physician_256
src_Geographer_270,src_Leader_30
src_Settlement_483,src_Period_7
src_Sultan_91,src_Social-Group_195
src_Cathedral_198,src_Philanthropist_64
src_Emperor_314,src_TemporalInterval_12
src_Religious-Organisation_133,src_Technical-Scientific-Advance_411
src_Head-of-State_412,src_Dramaturge_268
src_Legislation_487,src_Abbey_194
src_Secular-Ideology_466,src_Fictional-Person_408
src_Dancer_89,src_Secular-Ideology_354
src_Political-Symbol_360,src_Musician_344
src_Newspaper_93,src_Inventor_246
src_Religious-Ideology_132,src_Liturgical-Object_130
src_Object_117,src_Religious-Symbol_366
src_Educational-Organisation_281,src_Food_321
src_Work-of-Art_391,src_Discoverer_229
src_Natural-Object_74,src_International-Alliance_31
src_Organisation_433,src_Journalist_122
src_Social-Group_390,src_King_419
src_Artistic-Style_20,src_Functionary_95
src_Population-Movement_407,src_Environment_391
src_Military-Person_282,src_Functionary_16
src_Building_193,src_Country_251
src_Life-Event_149,src_Field-of-Knowledge_56
src_Clothing_330,src_Philosopher_415
src_Sculptor_340,src_Ideology_160
src_Pastime_77,src_Organisation_416
src_Population-Movement_150,src_Book_201
src_Individual_457,src_King_347
src_Field-of-Knowledge_212,src_Category_450
src_Life-Event_428,src_Cultural-Organisation_392
src_Role_345,src_Population-Movement_32
src_Liturgical-Object_70,src_Publisher_140
src_Armament_69,src_Masonic-Lodge_471
src_Non-Military-Conflict_494,src_Economic-Enterprise_11
src_Flavour_240,src_Creator_335
src_Natural-Object_257,src_Religious-Leader_31
src_Dancer_358,src_Musician_172
src_Conductor_431,src_Publisher_178
src_Military-Organisation_375,src_Economic-Symbol_364
src_Journal_442,src_Location_247
src_Category_457,src_Piece-of-Music_320
src_Scandal_31,src_Queen_1
src_Politician_298,src_Actor_39
src_Period_266,src_Flavour_121
src_VicodiOI_161,src_Village_277
src_League_492,src_Secular-Ideology_456
src_Politician_334,src_Economic-Enterprise_464
src_Individual_199,src_Technical-Scientific-Advance_94
src_Pamphlet_36,src_TemporalInterval_231
src_Trades-Unionist_146,src_Illness_272
src_Category_268,src_Journal_269
src_Writing_119,src_Flavour_454
src_Liturgical-Object_132,src_Emperor_198
src_Symbol_41,src_Prince_309
src_City_410,src_Dramaturge_290
src_Person_336,src_Economic-Organisation_454
src_Non-Military-Conflict_141,src_Clerical-Leader_79
src_Geographer_470,src_Conductor_317
src_Board_409,src_Flavour_78
src_Trade-Association_137,src_Environment_83
src_University_360,src_Secular-Movement_318
src_Geographical-Discovery_61,src_Time-Dependent-Relation_387
src_Journalist_161,src_FuzzyTemporalInterval_119
src_Stereotype-Group_292,src_Dynasty_496
src_Scandal_109,src_Time_412
src_Discoverer_134,src_Publisher_388
src_International-Organisation_453,src_Secular-Movement_446
src_Writing_313,src_Secular-Movement_414
src_Educational-Organisation_365,src_Masonic-Lodge_326
src_Country_396,src_TemporalInterval_469
src_Relic_437,src_Sultan_250
src_Crime_317,src_Foreign-Minister_498
src_Person-Role_148,src_Pollution_11
src_Cleric_169,src_Book_285
src_Film-Maker_438,src_Cathedral_140
src_Saint_24,src_Head-of-State_220
src_Cultural-Agreement_171,src_Flavour_177
src_Intra-State-Group_278,src_Period_451
src_Religious-Symbol_347,src_Food_124
src_Inventor_187,src_Newspaper_201
src_Military-Organisation_481,src_Monastery_28
src_FuzzyTemporalInterval_252,src_Head-of-Government_85
src_Cleric_218,src_Fictional-Event_484
src_Conceptual-Object_144,src_Ideology_466
src_Military-Person_341,src_Dramaturge_332
src_Discoverer_128,src_Political-Symbol_216
src_Creator_70,src_Creator_252
src_Armament_180,src_Cleric_182
src_Religious-Practice_57,src_Head-of-State_422
src_Social-Stratum_432,src_Battle_18
src_Artefact_218,src_Social-Stratum_63
src_Person_259,src_Individual_58
src_Symbol_324,src_Event_178
src_Religious-Community_244,src_Pamphlet_278
src_Philanthropist_355,src_Social-Group_484
src_Piece-of-Music_321,src_Intellectual-Construct_359
src_Professor_364,src_Religious-Community_182
src_Sculptor_426,src_Book_273
src_Work-of-Art_361,src_Engineer_257
src_Landmark_268,src_Book_70
src_Intra-State-Group_111,src_Person-Role_60
src_Governmental-Organisation_456,src_Scandal_192
src_Sportsman_222,src_Political-Symbol_192
src_Food_319,src_Magnate_258
src_Philanthropist_361,src_Piece-of-Music_263
src_Geographical-Feature_5,src_Diplomat_299
src_Object_420,src_Religious-Leader_141
src_Social-Group_199,src_Engineer_120
src_Abbey_355,src_Diplomat_50
src_King_67,src_Landmark_58
src_Water_290,src_Ideology_273
src_International-Organisation_29,src_International-Alliance_469
src_Field-of-Knowledge_357,src_Cultural-Agreement_446
src_Theologian_173,src_Legislation_82
src_Jurist_159,src_Inventor_312
src_University_493,src_Publisher_398
src_Clerical-Leader_300,src_Astronaut_27
src_Piece-of-Music_317,src_Ecclesiarch_148
src_Structure_224,src_Trades-Unionist_415
src_Film-Maker_210,src_Liturgical-Object_130
src_Other-Religious-Leader_499,src_Creator_298
src_Secular-Movement_246,src_Conceptual-Object_492
src_Governmental-Organisation_5,src_Jurist_53
src_Time-Dependent-Relation_8,src_Foreign-Minister_434
src_Other-Religious-Leader_429,src_Role_187
src_Church-Reformer_326,src_Ritual_246
src_Cleric_300,src_Social-Group_269
src_Movement_105,src_Person-Role_248
src_Category_229,src_Measurable-Trend_92
src_Psychologist_144,src_Category_479
src_Ideology_499,src_Treaty_117
src_Monastery_118,src_Clerical-Leader_110
src_Ecclesiarch_319,src_Cleric_379
src_Leader_162,src_Military-Organisation_80
src_National-Symbol_477,src_Technical-Scientific-Advance_35
src_Artistic-Style_355,src_Religious-Community_246
src_Dancer_180,src_Period-in-Office_403
src_Foreign-Minister_367,src_Conceptual-Object_345
src_Journalist_269,src_VicodiOI_67
src_Uprising_38,src_Economic-Enterprise_173
src_Illness_354,src_Painter_311
src_Battle_246,src_Geographical-Region_374
src_Clothing_356,src_Individual_78
src_Political-Organisation_217,src_University_66
src_Flavour_143,src_Cleric_88
src_Leader_52,src_VicodiOI_476
src_Trial_450,src_Pope_384
src_Social-Group_264,src_Cultural-Organisation_486
src_Religious-Ideology_405,src_Flavour_122
src_Inventor_320,src_Representative-Institution_232
src_Ecclesiarch_489,src_Role_30
src_Intellectual-Movement_484,src_Battle_163
src_Publisher_0,src_Water_110
src_Environment_286,src_Cultural-Organisation_38
src_Event_171,src_Non-Military-Conflict_208
src_Landmark_212,src_Pamphlet_183
src_Movement_378,src_Conductor_349
src_Flavour_2,src_Artistic-Movement_438
src_Time-Dependent-Relation_371,src_Religious-Movement_222
src_Work-of-Art_210,src_Pope_380
src_Artefact_80,src_Leader_450
src_Professor_244,src_Train_133
src_Geographical-Feature_184,src_Church_173
src_Economic-Symbol_182,src_Trial_267
src_Board_454,src_Publisher_343
src_Environment_119,src_Economic-Enterprise_348
src_FuzzyTemporalInterval_143,src_Organisation_87
src_Engineer_69,src_Military-Unit_19
src_Astronaut_67,src_Entertainer_379
src_Organisation_384,src_Technical-Scientific-Advance_439
src_Time-Dependent-Relation_152,src_Jurist_334
src_Organisation_398,src_Work-of-Art_46
src_Ritual_120,src_Professor_380
src_Saint_459,src_Jurist_438
src_Cleric_209,src_Ideology_404
src_Sultan_188,src_Artistic-Movement_163
src_Management-Organisation_36,src_Time-Dependent_414
src_Natural-Object_158,src_Pollution_179
src_City_256,src_Painter_337
src_Military-Unit_261,src_Masonic-Lodge_275
src_Location-Part-Relation_86,src_National-Symbol_374
src_Cultural-Agreement_366,src_Liturgical-Object_57
src_Trial_28,src_Idea_462
src_Armament_467,src_Food_224
src_Flavour_260,src_Engineer_411
src_Individual_488,src_Disease_292
src_Commodity_488,src_Masonic-Lodge_226
src_Political-Symbol_26,src_Ideology_188
src_Social-Stratum_416,src_Movement_234
src_Scandal_245,src_Pamphlet_127
src_TemporalInterval_329,src_Vehicle_416
src_Treaty_439,src_Geographical-Region_338
src_Language_154,src_Professor_225
src_Pollution_67,src_Social-Group_392
src_Time-Dependent_59,src_Architect_58
src_Educational-Organisation_13,src_Liturgical-Object_28
src_Ritual_452,src_Village_435
src_Intellectual-Movement_2,src_Structure_93
src_Legislation_176,src_Artistic-Style_7
src_Queen_250,src_Organisation_161
src_Author_179,src_Geographical-Feature_92
src_Cultural-Organisation_152,src_Author_150
src_VicodiOI_374,src_FuzzyTemporalInterval_489
src_Country_314,src_Trades-Union_415
src_Dramaturge_204,src_Economic-Enterprise_311
src_Badge_423,src_Educational-Organisation_335
src_Leader_216,src_Symbol_178
src_Village_194,src_Landmark_444
src_Psychologist_475,src_Country_166
src_King_254,src_Battle_198
src_Dramaturge_481,src_Time_418
src_Structure_197,src_Leader_125
src_Religious-Leader_32,src_Business-Leader_174
src_Armament_255,src_Art-Form_418
src_Jurist_250,src_Natural-Object_258
src_Intellectual-Construct_210,src_Queen_493
src_Trades-Unionist_321,src_Ethnic-Group_452
src_Musician_257,src_Artist_476
src_Building_367,src_Cathedral_218
src_Clerical-Leader_66,src_Magnate_198
src_Period-in-Office_389,src_Military-Person_409
src_Diplomat_42,src_Pollution_400
src_Structure_106,src_Building_430
src_Artistic-Style_25,src_Intra-State-Group_103
src_Cathedral_427,src_Object_80
src_Church_393,src_Person-Role_76
src_Musician_273,src_Queen_312
src_Ideology_246,src_Head-of-State_498
src_Magnate_211,src_Church_339
src_Journal_264,src_Economic-Organisation_150
src_Sultan_483,src_Economic-Symbol_379
src_Animal_34,src_Ship_142
src_Geographical-Discovery_166,src_Sculpture_114
src_Period_382,src_Emperor_161
src_Artist_142,src_Religious-Organisation_228
src_Election_339,src_Sultan_325
src_Trade-Association_378,src_Landmark_117
src_Fictional-Person_277,src_Geographical-Region_53
src_Military-Unit_330,src_Management-Organisation_429
src_Religious-Community_394,src_Badge_150
src_Astronaut_193,src_Head-of-State_285
src_Ritual_44,src_Book_33
src_Non-Military-Conflict_296,src_Discoverer_228
src_Abbey_303,src_Business-Leader_163
src_Educational-Organisation_341,src_Musician_383
src_Astronaut_414,src_Symbol_271
src_Criminal_74,src_Non-Military-Conflict_130
src_Publisher_430,src_Pollution_80
src_Journal_362,src_Governmental-Organisation_482
src_Sculptor_20,src_Sculpture_195
src_Abbey_352,src_Intra-State-Group_289
src_Conductor_149,src_Trades-Unionist_424
src_Country_5,src_Work-of-Art_464
src_Non-Military-Conflict_214,src_Structure_374
src_King_481,src_Geographical-Region_425
src_Liturgical-Object_255,src_Landmark_74
src_Religious-Movement_494,src_Artistic-Movement_300
src_Trades-Unionist_257,src_Social-Group_83
src_Sultan_209,src_Ritual_158
src_Battle_121,src_Philosopher_348
src_Artistic-Movement_366,src_Philosopher_272
src_Painter_484,src_Professor_436
src_Artist_8,src_University_488
src_Party_72,src_Disaster_369
src_Artistic-Movement_248,src_Representative-Institution_168
src_Geographer_367,src_Painting_113
src_Artistic-Movement_265,src_Geographical-Discovery_81
src_Economic-Organisation_20,src_Organisation_83
src_Writing_35,src_Monastery_444
src_Cathedral_402,src_Meeting_119
src_King_170,src_Crime_244
src_Theologian_80,src_Cleric_29
src_Criminal_277,src_Geographical-Feature_401
src_Time-Dependent_490,src_Functionary_93
src_Ideology_281,src_Artistic-Movement_438
src_Jurist_184,src_Social-Group_478
src_Clerical-Leader_41,src_Sportsman_104
src_Non-Military-Conflict_307,src_Illness_389
src_Astronaut_277,src_Sculpture_232
src_Military-Organisation_97,src_University_82
src_Role_13,src_Physician_56
src_Environment_230,src_Disease_491
src_Liturgical-Object_149,src_Meeting_158
src_Crime_311,src_Philosopher_199
src_Jurist_475,src_Period_387
src_Intra-State-Group_320,src_Head-of-State_88
src_Religious-Practice_370,src_Theologian_472
src_Village_459,src_Geographical-Region_304
src_Treaty_63,src_Geographical-Discovery_65
src_Organisation_247,src_Commodity_440
src_National-Symbol_368,src_Abstract-Notion_484
src_Church_75,src_Architect_67
src_Dynasty_31,src_Armament_202
src_Natural-Object_39,src_Clothing_159
src_Period-in-Office_112,src_Life-Event_446
src_Religious-Organisation_32,src_Publisher_128
src_Trial_244,src_Theologian_202
src_Food_182,src_Flavour_166
src_Treaty_30,src_Functionary_477
