src_Settlement_442,src_Head-of-State_270
src_Sultan_454,src_Magnate_156
src_Functionary_362,src_Vehicle_221
src_Time_257,src_Object_67
src_Language_325,src_Political-Region_196
src_Party_72,src_Train_250
src_Governmental-Organisation_417,src_Non-Military-Conflict_330
src_International-Alliance_397,src_Journal_69
src_Ideology_427,src_Business-Leader_181
src_Person_119,src_Professor_405
src_Discoverer_195,src_Religious-Symbol_52
src_Composer_462,src_Geographical-Region_77
src_Period-in-Office_167,src_Landmark_433
src_Engineer_354,src_Piece-of-Music_75
src_Head-of-State_438,src_Fictional-Event_400
src_Economic-Organisation_407,src_Engineer_91
src_Painting_455,src_Philosopher_222
src_Conductor_100,src_Politician_43
src_Religious-Movement_216,src_Artistic-Movement_459
src_Vehicle_410,src_Social-Group_276
src_Geographer_37,src_Religious-Leader_464
src_Prince_483,src_Piece-of-Music_373
src_Church_376,src_Illness_392
src_Train_61,src_Time-Dependent_267
src_Newspaper_112,src_Dynasty_410
src_Settlement_370,src_Philanthropist_384
src_Party_100,src_Period_65
src_Pamphlet_211,src_Trades-Unionist_467
src_Painting_155,src_Sculpture_99
src_Painter_11,src_Commodity_277
src_Population-Movement_95,src_Structure_487
src_International-Organisation_382,src_Monastery_438
src_Non-Military-Conflict_148,src_Train_430
src_Time-Dependent-Relation_148,src_Pastime_148
src_Leader_332,src_Illness_48
src_Fictional-Person_446,src_Landmark_11
src_Symbol_389,src_International-Alliance_327
src_Technical-Scientific-Advance_297,src_Jurist_7
src_Intellectual-Construct_468,src_Politician_155
src_Dynasty_179,src_Artefact_320
src_Uprising_13,src_Party_304
src_Prince_15,src_Person-Role_356
src_Film-Maker_190,src_FuzzyTemporalInterval_259
src_Functionary_406,src_Armament_28
src_Intellectual-Movement_307,src_Inventor_109
src_Functionary_90,src_Movement_58
src_Crime_185,src_Newspaper_89
src_City_52,src_Foreign-Minister_72
src_Secular-Ideology_317,src_Diplomat_162
src_Military-Unit_147,src_War_447
src_Philanthropist_315,src_Sultan_230
src_Sculptor_484,src_Physician_153
src_Environment_402,src_Water_487
src_Legislation_122,src_Time_379
src_Time-Dependent-Relation_172,src_Scandal_70
src_Masonic-Lodge_125,src_Religious-Practice_346
src_Geographical-Feature_451,src_Water_410
src_Commodity_144,src_Economic-Process_26
src_Head-of-Government_44,src_Battle_45
src_Functionary_248,src_Vehicle_150
src_Non-Military-Conflict_216,src_Secular-Leader_103
src_Painting_24,src_Category_25
src_Educational-Organisation_327,src_Pamphlet_464
src_Conceptual-Object_413,src_Sultan_32
src_Foreign-Minister_479,src_Artist_282
src_Theologian_185,src_Landmark_236
src_Religious-Movement_136,src_Clothing_36
src_Intellectual-Construct_457,src_Secular-Leader_40
src_Discoverer_127,src_Abstract-Notion_463
src_Cathedral_41,src_Emperor_305
src_Church_112,src_Intellectual-Movement_76
src_Object_8,src_Fictional-Person_291
src_Social-Stratum_222,src_Ideology_48
src_Functionary_3,src_Secular-Ideology_390
src_King_311,src_Religious-Community_479
src_Cathedral_84,src_Pollution_210
src_Measurable-Trend_342,src_TemporalInterval_321
src_Head-of-State_188,src_Category_14
src_Natural-Object_370,src_Church_479
src_Cultural-Organisation_124,src_Ship_486
src_Idea_374,src_Symbol_162
src_Business-Leader_233,src_King_192
src_City_437,src_Clothing_130
src_Ethnic-Group_309,src_Uprising_305
src_Sculpture_349,src_Building_476
src_Artefact_451,src_Educational-Organisation_457
src_Train_50,src_Head-of-Government_283
src_Liturgical-Object_375,src_Period_54
src_Ritual_493,src_VicodiOI_67
src_Public-Oration_476,src_Film-Maker_29
src_Artefact_414,src_Geographical-Feature_77
src_Cleric_335,src_International-Alliance_449
src_Clerical-Leader_436,src_Composer_199
src_Period_112,src_Clothing_389
src_Astronaut_458,src_Writing_306
src_Cleric_389,src_Inventor_374
src_TemporalInterval_458,src_Flavour_266
src_Vehicle_180,src_Economic-Process_377
src_Abstract-Notion_119,src_Sportsman_284
src_Engineer_15,src_Vehicle_41
src_Idea_160,src_Abstract-Notion_312
src_Church-Reformer_287,src_Trades-Unionist_119
src_Person-Role_360,src_Settlement_466
src_Animal_360,src_Intellectual-Construct_316
src_Election_485,src_Dynasty_289
src_Period_8,src_Secular-Leader_146
src_Governmental-Organisation_451,src_Religious-Symbol_191
src_Environment_53,src_Scandal_150
src_Party_67,src_Diplomat_230
src_Painter_353,src_Settlement_178
src_Pollution_254,src_Functionary_25
src_TemporalInterval_250,src_Idea_188
src_Actor_46,src_Commodity_239
src_Discoverer_109,src_Emperor_481
src_Vehicle_273,src_Location-Part-Relation_210
src_Discoverer_220,src_Governmental-Organisation_103
src_Monastery_151,src_Person_292
src_Symbol_334,src_Geographical-Region_187
src_Journal_462,src_Badge_222
src_Pastime_319,src_Location_491
src_Author_373,src_Foreign-Minister_3
src_Commodity_51,src_Leader_148
src_Minister_423,src_Monastery_37
src_Cathedral_133,src_Clerical-Leader_400
src_Politician_127,src_Scientific-Instrument_140
src_Artistic-Movement_130,src_Event_50
src_Economic-Organisation_483,src_University_436
src_League_137,src_Conceptual-Object_236
src_Food_370,src_Philanthropist_51
src_Time_417,src_Time-Dependent_147
src_Economic-Enterprise_348,src_Economic-Process_396
src_Flavour_172,src_Religious-Community_159
src_Jurist_259,src_Intellectual-Construct_349
src_Cultural-Organisation_296,src_Church_489
src_Movement_161,src_Cultural-Agreement_197
src_Economist_314,src_Political-Organisation_380
src_Ethnic-Group_202,src_Painter_474
src_Liturgical-Object_16,src_Water_437
src_Engineer_373,src_Functionary_451
src_Fictional-Person_88,src_Water_41
src_Abbey_11,src_Criminal_431
src_Educational-Organisation_369,src_Treaty_327
src_Symbol_421,src_Technical-Scientific-Advance_284
src_Pastime_138,src_Other-Religious-Leader_487
src_Scandal_104,src_International-Alliance_380
src_Intra-State-Group_248,src_Scientific-Instrument_443
src_Vehicle_148,src_Psychologist_115
src_Artefact_146,src_Flavour_409
src_Head-of-State_427,src_Scandal_426
src_Religious-Community_408,src_Fictional-Person_426
src_Philosopher_9,src_Building_308
src_Economic-Organisation_355,src_Other-Religious-Person_300
src_Settlement_168,src_Economic-Enterprise_69
src_Discoverer_492,src_Head-of-State_180
src_Geographical-Feature_119,src_Criminal_298
src_Disaster_286,src_Legislation_452
src_Political-Organisation_64,src_Animal_321
src_Treaty_158,src_Badge_291
src_Natural-Object_223,src_Religious-Movement_299
src_Location_26,src_Secular-Leader_27
src_Intellectual-Movement_90,src_Cleric_77
src_Church_45,src_Church-Reformer_313
src_King_24,src_Ideology_285
src_Technical-Scientific-Advance_447,src_Scientist_365
src_Object_128,src_Geographical-Discovery_122
src_Philosopher_243,src_Astronaut_1
src_Economic-Symbol_470,src_Saint_204
src_Art-Form_214,src_Representative-Institution_53
src_Ship_446,src_Church-Reformer_483
src_Secular-Ideology_483,src_Creator_425
src_Movement_325,src_Entertainer_436
src_Book_306,src_Food_30
src_City_81,src_Politician_20
src_Economic-Organisation_127,src_Jurist_164
src_Religious-Movement_277,src_Secular-Ideology_103
src_Governmental-Organisation_401,src_Pope_66
src_Organisation_136,src_Religious-Ideology_405
src_Religious-Symbol_17,src_Church-Reformer_369
src_Theologian_461,src_Intellectual-Movement_12
src_Writing_303,src_Sultan_247
src_Pollution_498,src_Intra-State-Group_31
src_Trades-Union_405,src_Diplomat_137
src_Social-Stratum_199,src_Economic-Organisation_452
src_Masonic-Lodge_496,src_Liturgical-Object_445
src_Structure_209,src_Foreign-Minister_194
src_Cultural-Agreement_40,src_Economic-Enterprise_89
src_Geographical-Discovery_476,src_Business-Leader_475
src_Trial_301,src_Other-Religious-Leader_241
src_Clothing_431,src_Church-Reformer_439
src_Scientist_121,src_Political-Organisation_240
src_Representative-Institution_377,src_Work-of-Art_15
src_Theologian_99,src_Musician_475
src_Commodity_479,src_Time-Dependent_358
src_Masonic-Lodge_252,src_Conductor_20
src_Measurable-Trend_35,src_Military-Organisation_123
src_Badge_5,src_Economic-Enterprise_87
src_Treaty_292,src_Dancer_0
src_Secular-Leader_249,src_Religious-Ideology_148
src_Painter_292,src_Functionary_32
src_Pamphlet_177,src_Work-of-Art_167
src_Author_16,src_Landmark_118
src_Clothing_328,src_Architect_2
src_Person-Role_152,src_Discoverer_246
src_Musician_414,src_Time-Dependent-Relation_334
src_Leader_30,src_Movement_490
src_Philanthropist_359,src_Election_394
src_Diplomat_373,src_Scandal_334
src_Functionary_47,src_Journal_114
src_Diplomat_399,src_Badge_160
src_Dynasty_117,src_Philosopher_84
src_Geographical-Region_117,src_Fictional-Person_65
src_Election_165,src_Geographer_394
src_TemporalInterval_87,src_Time-Dependent_238
src_Country_404,src_Diplomat_465
src_Representative-Institution_447,src_Disease_347
src_Ritual_352,src_Cultural-Agreement_191
src_Dramaturge_28,src_Language_33
src_Ethnic-Group_486,src_Commodity_226
src_Disaster_329,src_Educational-Organisation_437
src_Trial_430,src_Journal_14
src_TemporalInterval_489,src_Foreign-Minister_34
src_Natural-Object_279,src_Disaster_386
src_Individual_137,src_Natural-Object_127
src_Uprising_258,src_Clerical-Leader_347
src_Fictional-Person_452,src_Legislation_497
src_Time-Dependent_349,src_Field-of-Knowledge_303
src_Astronaut_216,src_University_293
src_Sportsman_441,src_Religious-Practice_486
src_Ethnic-Group_467,src_Geographical-Discovery_271
src_Sculptor_313,src_War_432
src_Economist_213,src_Journal_488
src_Philosopher_490,src_Pope_185
src_Theologian_405,src_Field-of-Knowledge_12
src_Population-Movement_315,src_Cleric_215
src_Journalist_90,src_Writing_4
src_Painting_73,src_Scientific-Instrument_28
src_Symbol_65,src_Entertainer_33
src_Scientist_222,src_Uprising_496
src_Creator_247,src_Battle_27
src_Illness_155,src_Ethnic-Group_98
src_Political-Symbol_373,src_Flavour_18
src_Disease_367,src_Location_423
src_Theologian_263,src_Stereotype-Group_72
src_Object_111,src_Social-Stratum_189
src_FuzzyTemporalInterval_491,src_Village_300
src_Event_45,src_Role_66
src_Religious-Community_245,src_Role_376
src_Language_319,src_Ship_25
src_Saint_286,src_Book_372
src_Diplomat_315,src_Philosopher_311
src_TemporalInterval_399,src_City_255
src_Ritual_14,src_Cultural-Organisation_111
src_Settlement_129,src_Other-Religious-Person_293
src_Functionary_255,src_Film-Maker_205
src_Musician_448,src_Military-Organisation_203
src_Language_243,src_Measurable-Trend_79
src_Role_374,src_Treaty_72
src_Military-Organisation_152,src_Religious-Community_330
src_Military-Person_259,src_Professor_195
src_Church_219,src_League_434
src_Commodity_412,src_Minister_298
src_Sculpture_344,src_Relic_21
src_Painting_281,src_Theologian_244
src_Religious-Practice_142,src_Population-Movement_388
src_Magnate_92,src_Cleric_479
src_Geographer_341,src_Social-Group_341
src_Geographer_286,src_Time_459
src_Economic-Enterprise_350,src_Religious-Practice_309
src_Person-Role_351,src_Sculpture_436
src_Religious-Organisation_27,src_Functionary_355
src_Economic-Enterprise_339,src_Time-Dependent_431
src_Social-Group_461,src_Event_191
src_Jurist_77,src_Cathedral_286
src_Clothing_180,src_Stereotype-Group_11
src_Dramaturge_256,src_Architect_318
src_Entertainer_443,src_Abbey_277
src_Commodity_21,src_Event_444
src_Uprising_225,src_Art-Form_327
src_Book_162,src_Individual_461
src_Vehicle_256,src_Painter_436
src_Ideology_11,src_Philanthropist_327
src_Composer_174,src_Conceptual-Object_265
src_Structure_85,src_Management-Organisation_46
src_Criminal_397,src_Artistic-Movement_37
src_Intellectual-Construct_228,src_Abstract-Notion_208
src_Pollution_122,src_Sculptor_196
src_Election_450,src_FuzzyTemporalInterval_140
src_Ecclesiarch_123,src_City_256
src_Cultural-Agreement_480,src_Trial_39
src_Geographical-Discovery_270,src_Sultan_66
src_Artistic-Movement_269,src_Work-of-Art_142
src_Abbey_496,src_Religious-Leader_234
src_Astronaut_487,src_Geographical-Discovery_325
src_Geographical-Region_445,src_Foreign-Minister_378
src_Monastery_435,src_Economist_233
src_Village_497,src_Geographical-Feature_91
src_Fictional-Event_270,src_Military-Person_15
src_Magnate_54,src_Period_215
src_National-Symbol_152,src_Idea_138
src_Ecclesiarch_286,src_Functionary_283
src_Legislation_63,src_Ritual_240
src_Dramaturge_327,src_Flavour_182
src_King_102,src_Party_252
src_Armament_146,src_Organisation_452
src_Life-Event_219,src_Settlement_53
src_International-Alliance_403,src_Landmark_388
src_Publisher_327,src_Physician_482
src_Idea_329,src_Inventor_121
src_Painter_378,src_Physician_71
src_Environment_124,src_Abstract-Notion_496
src_Time-Dependent_101,src_Environment_114
src_Dancer_72,src_Person_40
src_Village_62,src_Village_351
src_Social-Group_16,src_Abbey_372
src_Clerical-Leader_340,src_Church_33
src_Badge_326,src_Other-Religious-Person_292
src_Environment_110,src_International-Organisation_324
src_Abstract-Notion_279,src_University_343
src_Work-of-Art_258,src_Jurist_261
src_Geographical-Discovery_469,src_Psychologist_330
src_Diplomat_67,src_Newspaper_295
src_Fictional-Person_186,src_Clothing_103
src_Philanthropist_169,src_Trade-Association_365
src_Ideology_408,src_Time_307
src_Category_118,src_Other-Religious-Leader_21
src_Leader_445,src_Geographical-Discovery_96
src_Badge_248,src_Business-Leader_211
src_Military-Unit_138,src_Secular-Leader_479
src_Religious-Symbol_435,src_Individual_103
src_Psychologist_401,src_Time_10
src_Business-Leader_273,src_Time-Dependent-Relation_301
src_Church-Reformer_384,src_Business-Leader_86
src_Religious-Order_261,src_Sculptor_392
src_Measurable-Trend_145,src_Artistic-Style_350
src_Prince_55,src_Trial_98
src_Military-Person_158,src_Prince_50
src_Criminal_12,src_Author_245
src_Geographical-Region_497,src_Political-Region_432
src_Scientific-Instrument_120,src_Secular-Leader_133
src_Painter_182,src_Military-Person_486
src_Water_445,src_Legislation_220
src_Intellectual-Construct_493,src_Meeting_14
src_Minister_63,src_Prince_240
src_Village_306,src_Animal_4
src_Language_392,src_Architect_479
src_Event_125,src_Vehicle_166
src_Psychologist_55,src_Sculptor_149
src_Country_73,src_Secular-Ideology_91
src_Object_250,src_Armament_484
src_Settlement_95,src_Intellectual-Construct_59
src_National-Symbol_297,src_Business-Leader_123
src_Book_442,src_Sculptor_100
src_Cultural-Agreement_26,src_Sultan_220
src_Treaty_381,src_Badge_492
src_Engineer_112,src_Art-Form_209
src_Saint_450,src_Diplomat_408
src_Pamphlet_142,src_Economist_282
src_Work-of-Art_183,src_Fictional-Person_466
src_Ritual_147,src_Leader_449
src_Relic_45,src_Party_175
src_Category_258,src_Location_407
src_Role_455,src_Population-Movement_305
src_International-Organisation_165,src_Head-of-State_337
src_Role_197,src_Time_365
src_Social-Group_335,src_Educational-Organisation_441
src_Party_62,src_Flavour_110
src_Social-Stratum_343,src_Armament_432
src_Politician_352,src_Secular-Movement_388
src_Governmental-Organisation_376,src_Leader_70
src_Fictional-Event_117,src_Scientist_142
src_FuzzyTemporalInterval_325,src_Ecclesiarch_434
src_Philosopher_93,src_Commodity_416
src_Journal_459,src_Geographical-Discovery_100
src_Badge_128,src_League_436
src_Religious-Organisation_200,src_Leader_290
src_Clothing_11,src_Crime_28
src_Trade-Association_100,src_Architect_284
src_Stereotype-Group_255,src_Publisher_10
src_Political-Organisation_195,src_Cultural-Agreement_78
src_Structure_223,src_Location-Part-Relation_402
src_Public-Oration_36,src_Physician_341
src_Life-Event_433,src_Functionary_496
src_Cultural-Organisation_78,src_League_113
src_Philosopher_225,src_Individual_343
src_Artefact_422,src_University_129
src_Cultural-Agreement_83,src_Non-Military-Conflict_410
src_Sultan_90,src_Artist_46
src_Painting_267,src_TemporalInterval_109
src_Composer_225,src_Functionary_387
src_Election_392,src_International-Organisation_109
src_Role_213,src_Journalist_483
src_Symbol_475,src_Natural-Object_371
src_Party_31,src_Economic-Organisation_132
src_Time_143,src_Trades-Unionist_421
src_Board_127,src_Train_418
src_University_0,src_Religious-Order_445
src_Saint_258,src_Clothing_190
src_Building_94,src_Vehicle_427
src_Church-Reformer_289,src_Person_379
src_Functionary_373,src_Leader_383
src_Settlement_346,src_Criminal_27
src_Sculptor_51,src_Social-Stratum_460
src_Abbey_59,src_Educational-Organisation_194
src_Structure_215,src_Painting_157
src_Journal_304,src_Disaster_258
src_Secular-Movement_66,src_University_303
src_Structure_223,src_VicodiOI_457
src_Theologian_334,src_International-Alliance_121
src_Event_343,src_Governmental-Organisation_325
src_Election_109,src_Treaty_10
src_Election_127,src_Religious-Community_263
src_Organisation_256,src_Armament_110
src_Writing_29,src_Clerical-Leader_306
src_Work-of-Art_33,src_Piece-of-Music_433
src_Badge_349,src_Theologian_52
src_Art-Form_407,src_Clothing_234
src_Liturgical-Object_174,src_Structure_374
src_Scientist_183,src_Period_44
src_Category_433,src_Treaty_411
src_Cleric_30,src_Publisher_428
src_Astronaut_319,src_Language_396
src_Sultan_223,src_Ship_452
src_Relic_437,src_Painting_382
src_Sultan_303,src_Scientist_13
src_Religious-Symbol_335,src_Clerical-Leader_270
src_Economic-Organisation_241,src_Treaty_489
src_Natural-Object_59,src_Geographer_395
src_Other-Religious-Person_434,src_Art-Form_269
src_Illness_60,src_Trades-Union_151
src_Cultural-Organisation_276,src_Philanthropist_400
src_Painting_66,src_Politician_470
src_Population-Movement_384,src_Head-of-State_238
src_Religious-Leader_482,src_Sportsman_101
src_Theologian_45,src_Criminal_146
src_Structure_396,src_FuzzyTemporalInterval_423
src_Geographical-Region_343,src_Political-Region_384
src_Head-of-State_234,src_Magnate_167
src_Religious-Movement_55,src_Military-Person_378
src_Ritual_460,src_Diplomat_236
src_Period_104,src_Vehicle_374
src_Stereotype-Group_36,src_Engineer_455
src_Functionary_173,src_Crime_206
src_Badge_461,src_Natural-Object_360
src_Religious-Organisation_75,src_Economic-Organisation_255
src_Event_461,src_Commodity_244
src_Magnate_153,src_Trades-Union_146
src_Pope_152,src_Sculpture_496
src_Saint_211,src_Philosopher_181
src_Geographical-Region_247,src_Movement_204
src_Stereotype-Group_81,src_Religious-Order_314
src_Treaty_280,src_Intellectual-Construct_216
src_Creator_320,src_Intellectual-Movement_42
src_Inventor_163,src_Entertainer_454
src_Movement_445,src_Trial_451
src_Actor_40,src_Inventor_326
src_Clerical-Leader_294,src_Head-of-Government_106
src_Journal_93,src_Journal_404
src_Water_142,src_Train_286
src_Idea_166,src_Secular-Ideology_13
src_Theologian_30,src_TemporalInterval_214
src_Meeting_321,src_Economic-Symbol_349
src_Social-Group_452,src_Piece-of-Music_190
src_Painting_138,src_Population-Movement_98
src_Engineer_5,src_Abbey_130
src_Educational-Organisation_425,src_Dancer_119
src_Inventor_344,src_Other-Religious-Person_165
src_Architect_64,src_Pamphlet_73
src_Election_354,src_Symbol_135
src_Fictional-Event_268,src_Scientific-Instrument_246
src_Governmental-Organisation_194,src_Monastery_222
src_Professor_468,src_Board_268
src_Pamphlet_264,src_Building_184
src_Religious-Order_171,src_Life-Event_9
src_Settlement_251,src_Secular-Ideology_291
src_Dramaturge_317,src_Natural-Object_134
src_University_352,src_Trades-Union_196
src_Dynasty_402,src_Legislation_183
src_Ship_386,src_Diplomat_92
src_Intellectual-Movement_76,src_Magnate_336
src_Sultan_434,src_Inventor_341
src_Church-Reformer_424,src_Cultural-Organisation_398
src_Flavour_10,src_Event_1
src_Period-in-Office_273,src_Commodity_498
src_Newspaper_208,src_Social-Stratum_37
src_Journal_45,src_Newspaper_93
src_Sculptor_209,src_Discoverer_219
src_Uprising_61,src_Economic-Process_78
src_Ship_148,src_Other-Religious-Leader_112
src_Economist_426,src_Art-Form_107
src_Composer_50,src_Economic-Symbol_99
src_National-Symbol_12,src_Church-Reformer_99
src_Period-in-Office_297,src_Economic-Symbol_271
src_Event_340,src_Illness_68
src_Cathedral_99,src_Religious-Ideology_200
src_Conductor_427,src_Trades-Union_318
src_Village_193,src_Economic-Enterprise_222
src_Military-Organisation_359,src_Intellectual-Movement_2
src_Painting_471,src_Philanthropist_496
src_Geographical-Feature_2,src_Psychologist_399
src_Meeting_28,src_Trade-Association_222
src_Dancer_256,src_Piece-of-Music_336
src_Professor_111,src_Pope_59
src_Religious-Community_383,src_Crime_492
src_Public-Oration_346,src_Geographical-Region_343
src_Dramaturge_169,src_Train_76
src_Church_140,src_Religious-Organisation_385
src_Legislation_232,src_Sculpture_316
src_Queen_240,src_Magnate_149
src_Prince_415,src_Philosopher_62
src_Dancer_162,src_Conductor_423
src_Country_379,src_Scientific-Instrument_456
src_Trades-Union_323,src_Business-Leader_6
src_Uprising_202,src_Liturgical-Object_93
src_Life-Event_174,src_Clerical-Leader_77
src_Secular-Movement_28,src_Military-Organisation_221
src_Geographical-Discovery_46,src_Natural-Object_157
src_Pamphlet_118,src_Military-Unit_128
src_Artistic-Movement_192,src_Object_356
src_International-Alliance_289,src_Geographer_122
src_Journalist_120,src_Magnate_367
src_Trade-Association_465,src_Vehicle_150
src_Prince_360,src_King_117
src_Artist_280,src_Fictional-Event_221
src_Cultural-Organisation_302,src_Category_325
src_Intellectual-Movement_82,src_Natural-Object_99
src_Sculptor_112,src_Theologian_447
src_Ideology_172,src_Religious-Community_450
src_Philosopher_472,src_Conductor_499
src_Masonic-Lodge_11,src_Ideology_213
src_Pollution_3,src_Actor_228
src_Newspaper_271,src_Person_358
src_Flavour_187,src_Professor_174
src_Religious-Movement_34,src_Artistic-Style_128
src_Dynasty_103,src_Criminal_16
src_Artist_236,src_University_453
src_Party_168,src_Building_350
src_Political-Symbol_434,src_Animal_131
src_Piece-of-Music_323,src_Economist_219
src_Pamphlet_65,src_Foreign-Minister_447
src_Secular-Movement_179,src_Trade-Association_463
src_Political-Organisation_362,src_Physician_333
src_Astronaut_417,src_Ecclesiarch_78
src_Pollution_333,src_Painting_425
src_Time_367,src_Economic-Enterprise_323
src_Religious-Ideology_156,src_Geographer_305
src_Ritual_128,src_League_369
src_Ethnic-Group_430,src_League_172
src_Cleric_143,src_Measurable-Trend_101
src_Business-Leader_342,src_Religious-Community_315
src_Sultan_381,src_Fictional-Person_169
src_Economic-Enterprise_499,src_Magnate_375
src_Emperor_162,src_VicodiOI_154
src_Cultural-Agreement_59,src_Geographical-Discovery_141
src_International-Alliance_337,src_International-Alliance_443
src_Masonic-Lodge_330,src_Foreign-Minister_436
src_Technical-Scientific-Advance_406,src_Clothing_75
src_Measurable-Trend_46,src_Public-Oration_455
src_Sculpture_40,src_Writing_390
src_Ecclesiarch_31,src_Monastery_180
src_Astronaut_369,src_Symbol_188
src_Artefact_117,src_King_9
src_Board_18,src_Emperor_72
src_Military-Unit_14,src_Secular-Movement_261
src_Location-Part-Relation_490,src_Economic-Enterprise_306
src_Religious-Organisation_479,src_Food_47
src_Intellectual-Movement_14,src_Location-Part-Relation_141
src_Functionary_103,src_Board_250
src_Military-Organisation_299,src_Flavour_245
src_Relic_169,src_Abstract-Notion_399
src_Economic-Organisation_149,src_Ritual_5
src_Sportsman_409,src_Religious-Leader_86
src_Economist_460,src_Flavour_134
src_Film-Maker_115,src_Newspaper_413
src_Management-Organisation_382,src_Work-of-Art_245
src_International-Organisation_133,src_Abbey_206
src_Badge_265,src_Life-Event_220
src_Movement_243,src_Country_309
src_Religious-Symbol_216,src_Landmark_154
src_Foreign-Minister_2,src_Person-Role_119
src_Psychologist_199,src_Trade-Association_246
src_Uprising_152,src_Country_99
src_Religious-Organisation_197,src_Political-Organisation_359
src_National-Symbol_272,src_Settlement_377
src_Economist_303,src_Artefact_38
src_Country_476,src_Election_293
src_Badge_252,src_Economist_282
src_Sculpture_163,src_Clothing_92
src_Work-of-Art_492,src_Criminal_166
src_Population-Movement_65,src_Religious-Practice_59
src_Election_167,src_Uprising_210
src_Political-Organisation_292,src_Clerical-Leader_209
src_Management-Organisation_296,src_Party_94
src_Person_422,src_Event_149
src_Pollution_320,src_Painting_289
src_King_460,src_Secular-Movement_173
src_Secular-Ideology_487,src_Intellectual-Construct_443
src_Philanthropist_322,src_Painter_307
src_Sultan_115,src_Inventor_439
src_Intellectual-Construct_273,src_TemporalInterval_232
src_Dancer_61,src_Dramaturge_237
src_Artist_27,src_Geographical-Feature_247
src_Religious-Ideology_357,src_Treaty_268
src_Abstract-Notion_439,src_Abstract-Notion_62
src_VicodiOI_15,src_Religious-Practice_45
src_City_259,src_Saint_485
src_Diplomat_262,src_Trades-Union_101
src_Economic-Enterprise_215,src_Sultan_352
src_Commodity_126,src_Religious-Ideology_442
src_Person-Role_166,src_Meeting_17
src_Secular-Leader_43,src_Battle_319
src_Illness_409,src_Non-Military-Conflict_263
src_Philanthropist_389,src_Piece-of-Music_363
src_Cultural-Organisation_165,src_Monastery_120
src_Author_483,src_Emperor_33
src_TemporalInterval_399,src_Scientist_355
src_Scientific-Instrument_434,src_Other-Religious-Leader_490
src_Military-Unit_219,src_Cultural-Agreement_262
src_Cleric_117,src_Artistic-Movement_157
src_Head-of-Government_215,src_Time_336
src_Religious-Leader_405,src_Military-Organisation_313
src_Trial_470,src_Composer_52
src_Ship_391,src_Secular-Ideology_230
src_Fictional-Person_484,src_Psychologist_307
src_Head-of-Government_486,src_Fictional-Event_317
src_Disaster_50,src_Scientist_33
src_Functionary_116,src_FuzzyTemporalInterval_130
src_Natural-Object_180,src_Painting_65
src_Illness_82,src_Political-Symbol_452
src_Time-Dependent-Relation_356,src_Non-Military-Conflict_320
src_Clerical-Leader_394,src_Actor_33
src_Economic-Organisation_394,src_Geographical-Region_410
src_Foreign-Minister_494,src_Sculpture_273
src_Representative-Institution_423,src_Religious-Order_400
src_Ritual_424,src_Legislation_268
src_Political-Region_84,src_Religious-Symbol_274
src_Clothing_57,src_Landmark_40
src_Battle_258,src_Creator_250
src_International-Organisation_224,src_TemporalInterval_326
src_Newspaper_201,src_Uprising_67
src_Film-Maker_85,src_Queen_269
src_Religious-Symbol_326,src_Role_302
src_Cultural-Agreement_168,src_Leader_400
src_Geographical-Feature_159,src_Armament_188
src_Geographical-Discovery_394,src_Non-Military-Conflict_304
src_Cultural-Agreement_232,src_Pamphlet_257
src_Flavour_240,src_Disease_392
src_Village_293,src_Scientific-Instrument_361
src_Pamphlet_136,src_Secular-Ideology_111
src_Secular-Movement_176,src_Ethnic-Group_7
src_Pollution_361,src_Legislation_96
src_Author_377,src_Philosopher_105
src_Business-Leader_476,src_Publisher_377
src_Religious-Practice_242,src_Period-in-Office_445
src_Abstract-Notion_167,src_Composer_47
src_Philanthropist_226,src_Criminal_370
src_Political-Region_371,src_Economic-Organisation_83
src_Cathedral_244,src_Intellectual-Construct_471
src_Economic-Organisation_11,src_Entertainer_96
src_Masonic-Lodge_202,src_Landmark_418
src_Representative-Institution_448,src_Author_466
src_Book_136,src_Author_185
src_Disease_84,src_Economist_56
src_Artistic-Movement_437,src_Painter_301
src_Period_201,src_Architect_226
src_International-Alliance_38,src_Intra-State-Group_426
src_Abbey_181,src_Geographical-Region_127
src_Inventor_375,src_League_35
src_Individual_49,src_Painting_292
src_Period-in-Office_251,src_International-Organisation_227
src_International-Alliance_224,src_Armament_287
src_Dynasty_412,src_Time-Dependent-Relation_194
src_Vehicle_3,src_Relic_292
src_Sculptor_130,src_Management-Organisation_75
src_Political-Symbol_136,src_Pollution_246
src_Cultural-Organisation_271,src_TemporalInterval_404
src_Jurist_389,src_Flavour_278
src_Period-in-Office_405,src_Monastery_434
src_Professor_355,src_Treaty_207
src_Settlement_337,src_Head-of-State_40
src_Foreign-Minister_317,src_Psychologist_256
src_Trade-Association_140,src_Commodity_484
src_Other-Religious-Leader_172,src_Badge_353
src_Idea_350,src_Trade-Association_130
src_Life-Event_110,src_Crime_45
src_Trade-Association_472,src_Trades-Union_370
src_Business-Leader_25,src_Scientist_8
src_Category_47,src_Time_205
src_Measurable-Trend_314,src_Saint_323
src_Illness_388,src_Head-of-State_164
src_Writing_32,src_Military-Unit_470
src_Musician_364,src_Organisation_319
src_Abstract-Notion_164,src_Individual_361
src_Armament_447,src_Symbol_255
src_Economic-Process_97,src_Musician_72
src_Church-Reformer_106,src_Armament_228
src_Business-Leader_379,src_Intellectual-Movement_112
src_Actor_131,src_Fictional-Event_95
src_Settlement_13,src_Uprising_112
src_Building_5,src_Food_189
src_Time-Dependent_496,src_Astronaut_245
src_Representative-Institution_222,src_Sculptor_209
src_Architect_296,src_Military-Organisation_316
src_Time-Dependent_230,src_Ritual_225
src_Natural-Object_287,src_Prince_43
src_Writing_203,src_Public-Oration_409
src_Population-Movement_355,src_Other-Religious-Leader_461
src_Secular-Ideology_277,src_Economist_214
src_Scientist_166,src_Geographer_273
src_Economic-Organisation_141,src_Role_424
src_Scientific-Instrument_485,src_Cathedral_190
src_Role_352,src_Flavour_264
src_Period_388,src_Measurable-Trend_370
src_Engineer_250,src_Political-Region_6
src_City_321,src_Abbey_233
src_Cultural-Agreement_197,src_Masonic-Lodge_299
src_Field-of-Knowledge_422,src_Scientist_202
src_Political-Region_125,src_Artistic-Style_328
src_King_365,src_TemporalInterval_434
src_Trade-Association_234,src_Intellectual-Construct_153
src_Church_48,src_Train_290
src_Sculptor_63,src_Minister_223
src_Symbol_216,src_Economic-Process_449
src_League_67,src_Economic-Organisation_269
src_Social-Stratum_247,src_Village_179
src_Conceptual-Object_152,src_Illness_473
src_Religious-Movement_404,src_Cathedral_147
src_Magnate_190,src_Cleric_184
src_Scientist_343,src_Artistic-Style_366
src_Artist_42,src_Conceptual-Object_486
src_Church_327,src_Geographical-Discovery_401
src_Uprising_289,src_VicodiOI_98
src_Religious-Organisation_26,src_Geographer_370
src_Actor_352,src_Economic-Symbol_212
src_Object_73,src_Trade-Association_282
src_Writing_351,src_Religious-Symbol_105
src_Ethnic-Group_274,src_Period_475
src_Conductor_492,src_Musician_80
src_Flavour_180,src_Painting_364
src_Publisher_482,src_Illness_156
src_Disaster_478,src_Governmental-Organisation_184
src_Religious-Leader_152,src_Musician_299
src_Artist_489,src_Book_123
src_International-Alliance_353,src_Religious-Practice_400
src_Event_257,src_League_56
src_Country_15,src_Abbey_341
src_Professor_101,src_Language_323
src_Ethnic-Group_458,src_Book_293
src_Flavour_213,src_Field-of-Knowledge_111
src_Scientific-Instrument_36,src_Armament_47
src_Time-Dependent-Relation_188,src_Water_244
src_Life-Event_188,src_Geographer_221
src_Architect_52,src_Cleric_199
src_Religious-Organisation_249,src_Newspaper_461
src_University_134,src_Astronaut_417
src_Leader_397,src_Artistic-Movement_279
src_Economic-Symbol_140,src_Abstract-Notion_115
src_Cleric_308,src_Head-of-Government_384
src_Scandal_325,src_Queen_336
src_Functionary_228,src_Symbol_316
src_Religious-Order_374,src_Psychologist_380
src_TemporalInterval_360,src_Professor_428
src_Political-Organisation_344,src_Illness_218
src_Cultural-Organisation_168,src_Entertainer_453
src_Armament_122,src_Art-Form_463
src_Water_276,src_Social-Stratum_18
src_Animal_141,src_Dynasty_69
src_Psychologist_490,src_Crime_125
src_Actor_72,src_Minister_328
src_Ritual_126,src_Military-Unit_463
src_Time-Dependent_351,src_Pope_231
src_Person_221,src_Art-Form_406
src_Leader_65,src_Military-Unit_240
src_Book_425,src_Village_326
src_Period-in-Office_164,src_Film-Maker_183
src_Queen_201,src_Disease_244
src_Abstract-Notion_5,src_Pollution_354
src_Person_310,src_Pope_256
src_Structure_203,src_Minister_312
src_Location_354,src_University_296
src_Musician_254,src_Battle_489
src_Settlement_378,src_Landmark_174
src_Ideology_473,src_Person-Role_495
src_Crime_496,src_Ecclesiarch_2
src_Military-Unit_342,src_Film-Maker_491
src_Trial_85,src_Battle_300
src_Masonic-Lodge_239,src_Measurable-Trend_164
src_Intra-State-Group_414,src_Religious-Order_30
src_Time_40,src_Composer_79
src_Military-Person_218,src_Foreign-Minister_231
src_Field-of-Knowledge_1,src_Film-Maker_301
src_Pollution_309,src_Secular-Leader_141
src_Educational-Organisation_335,src_Sultan_463
src_Trades-Unionist_217,src_Intra-State-Group_260
src_Role_180,src_Board_404
src_Trades-Union_21,src_Publisher_68
src_Organisation_4,src_Psychologist_309
src_Representative-Institution_439,src_Conductor_246
src_Work-of-Art_448,src_Liturgical-Object_0
src_Publisher_348,src_Economic-Process_434
src_Location_31,src_Book_369
src_Church_224,src_Engineer_246
src_Professor_225,src_Religious-Symbol_460
src_Military-Unit_215,src_Church-Reformer_81
src_Church-Reformer_386,src_TemporalInterval_332
src_Artistic-Movement_224,src_Religious-Community_273
src_Person_121,src_Pamphlet_24
src_Military-Person_267,src_Location-Part-Relation_493
src_Sculptor_319,src_Military-Organisation_222
src_Relic_140,src_Artistic-Style_232
src_Publisher_211,src_Environment_130
src_Cleric_249,src_Ethnic-Group_447
src_Leader_374,src_Vehicle_279
src_Artist_362,src_Landmark_490
src_Ship_265,src_Cathedral_190
src_Sculptor_323,src_Representative-Institution_11
src_Queen_295,src_Life-Event_121
src_Life-Event_131,src_Religious-Community_216
src_Flavour_482,src_Cultural-Agreement_281
src_Functionary_229,src_Piece-of-Music_61
src_Flavour_479,src_Sculptor_183
src_Professor_47,src_Country_411
src_Period-in-Office_292,src_Pollution_390
src_Painting_237,src_Trade-Association_290
src_Governmental-Organisation_19,src_Intellectual-Construct_486
src_Public-Oration_104,src_Disaster_476
src_Conductor_21,src_Crime_303
src_Entertainer_169,src_Vehicle_191
src_Measurable-Trend_417,src_Non-Military-Conflict_455
src_Treaty_261,src_Actor_34
src_Governmental-Organisation_353,src_Abstract-Notion_319
src_Piece-of-Music_312,src_Artefact_80
src_Musician_390,src_Monastery_355
src_Actor_347,src_Pamphlet_326
src_Military-Unit_98,src_Jurist_452
src_Pastime_384,src_Saint_485
src_Political-Symbol_206,src_King_88
src_Religious-Practice_498,src_Population-Movement_417
src_Abstract-Notion_281,src_Event_250
src_Journal_84,src_Period_379
src_Church-Reformer_24,src_Disease_101
src_Non-Military-Conflict_397,src_Ship_208
src_Physician_222,src_Geographical-Region_309
src_Country_298,src_Ethnic-Group_35
src_Organisation_484,src_Conductor_338
src_Organisation_352,src_Building_246
src_Cleric_108,src_Dynasty_466
src_Trades-Unionist_429,src_Animal_140
src_Religious-Movement_287,src_University_323
src_Political-Region_72,src_Dynasty_100
src_Secular-Leader_160,src_Animal_166
src_Pope_247,src_Period-in-Office_485
src_Geographical-Discovery_112,src_Technical-Scientific-Advance_16
src_Illness_318,src_University_275
src_Criminal_193,src_Technical-Scientific-Advance_116
src_Religious-Community_179,src_Painter_112
src_Person-Role_469,src_University_290
src_Artist_226,src_Emperor_184
src_Head-of-State_474,src_Social-Group_74
src_International-Organisation_335,src_Country_47
src_Political-Symbol_453,src_Masonic-Lodge_454
src_Location_341,src_Leader_202
src_War_453,src_Religious-Ideology_467
src_Publisher_14,src_Clerical-Leader_17
src_Person-Role_146,src_Intra-State-Group_269
src_Trades-Unionist_66,src_Settlement_407
src_Entertainer_105,src_Technical-Scientific-Advance_489
src_Professor_51,src_Political-Organisation_173
src_Composer_176,src_Disease_353
src_Location_139,src_Other-Religious-Leader_86
src_Board_343,src_Author_488
src_Village_363,src_Military-Person_177
src_Legislation_220,src_Commodity_109
src_Composer_268,src_Educational-Organisation_332
src_Church_132,src_Commodity_372
src_Secular-Leader_117,src_FuzzyTemporalInterval_59
src_VicodiOI_425,src_Ritual_97
src_Queen_422,src_Dramaturge_230
src_Intellectual-Movement_369,src_King_422
src_National-Symbol_372,src_Location-Part-Relation_371
src_Diplomat_221,src_Religious-Leader_97
src_Ritual_476,src_Sportsman_45
src_Foreign-Minister_236,src_Ethnic-Group_159
src_Architect_183,src_Scientist_177
src_King_43,src_Event_417
src_Person_28,src_Social-Stratum_28
src_Abstract-Notion_476,src_Engineer_430
src_Publisher_335,src_Criminal_122
src_Inventor_269,src_Abbey_127
src_Trade-Association_110,src_Secular-Leader_1
src_Movement_29,src_Discoverer_377
src_National-Symbol_352,src_Head-of-State_343
src_Time-Dependent_395,src_Scientist_470
src_Writing_459,src_Religious-Community_351
src_Ideology_15,src_Fictional-Event_4
src_Magnate_443,src_Leader_8
src_Geographical-Discovery_298,src_Structure_395
src_Sculpture_62,src_Flavour_303
src_Astronaut_490,src_Religious-Leader_59
src_Dramaturge_444,src_Religious-Ideology_385
src_Military-Unit_68,src_Economist_55
src_Political-Organisation_186,src_Village_407
src_Relic_372,src_Masonic-Lodge_223
src_Astronaut_292,src_Political-Organisation_12
src_Time_310,src_Life-Event_402
src_Social-Group_385,src_Economic-Process_117
src_Time-Dependent-Relation_128,src_Politician_0
src_Conductor_487,src_Non-Military-Conflict_423
src_Head-of-State_380,src_Governmental-Organisation_453
src_Artistic-Style_53,src_Armament_256
src_Politician_436,src_Life-Event_287
src_Population-Movement_71,src_Technical-Scientific-Advance_461
src_University_169,src_Relic_428
src_Building_202,src_Party_18
src_Political-Organisation_279,src_Scientist_77
src_Religious-Practice_214,src_Role_342
src_Engineer_21,src_Organisation_107
src_Queen_405,src_Secular-Ideology_29
src_Film-Maker_126,src_Language_353
src_Scandal_438,src_Astronaut_365
src_Secular-Movement_481,src_Flavour_380
src_Religious-Leader_221,src_Engineer_206
src_Dynasty_2,src_Non-Military-Conflict_1
src_Economic-Process_271,src_Crime_372
src_Animal_247,src_Other-Religious-Leader_222
src_Pollution_244,src_Religious-Ideology_312
src_Individual_64,src_Church-Reformer_385
src_Intellectual-Construct_147,src_Pastime_123
src_Artefact_420,src_Illness_390
src_Role_286,src_Saint_101
src_Religious-Leader_42,src_Badge_429
src_Ecclesiarch_420,src_Musician_18
src_Symbol_8,src_Uprising_445
src_Location-Part-Relation_292,src_War_224
src_Business-Leader_139,src_Technical-Scientific-Advance_162
src_Social-Group_353,src_Representative-Institution_251
src_Period-in-Office_234,src_Cathedral_303
src_Event_401,src_Time-Dependent-Relation_335
src_Religious-Leader_255,src_Piece-of-Music_416
src_Time-Dependent-Relation_204,src_Disaster_93
src_Journal_74,src_Film-Maker_337
src_Geographical-Discovery_107,src_Environment_73
src_Professor_190,src_Philanthropist_452
src_Natural-Object_408,src_Religious-Leader_404
src_Social-Stratum_48,src_Religious-Leader_467
src_Head-of-State_106,src_Crime_240
src_Flavour_248,src_Field-of-Knowledge_227
src_Painter_143,src_Cathedral_499
src_Economic-Organisation_205,src_Sculpture_109
src_Magnate_111,src_Ethnic-Group_451
src_Country_367,src_Political-Organisation_45
src_Event_216,src_Country_196
src_Professor_258,src_Philanthropist_137
src_Composer_402,src_Religious-Symbol_344
src_Movement_470,src_Country_285
src_Ritual_365,src_Philosopher_257
src_Life-Event_410,src_Secular-Ideology_446
src_Technical-Scientific-Advance_227,src_Election_102
src_Train_55,src_Astronaut_146
src_Category_197,src_Philanthropist_142
src_Actor_48,src_Dynasty_318
src_Military-Person_467,src_Philosopher_343
src_Food_380,src_Ecclesiarch_331
src_Political-Region_406,src_Scientific-Instrument_260
src_Armament_53,src_Dancer_116
src_Trades-Union_424,src_King_86
src_Other-Religious-Person_41,src_Trades-Unionist_125
src_Person_167,src_Discoverer_458
src_Fictional-Event_257,src_Location_193
src_Intellectual-Movement_375,src_VicodiOI_25
src_Artist_312,src_Clerical-Leader_109
src_Artistic-Style_395,src_Religious-Symbol_394
src_Structure_150,src_Educational-Organisation_494
src_Head-of-State_24,src_Clerical-Leader_363
src_Pollution_86,src_Author_250
src_Religious-Organisation_291,src_Physician_432
src_Magnate_202,src_Religious-Movement_107
src_Dramaturge_357,src_Functionary_6
src_Food_468,src_Writing_242
src_Pamphlet_402,src_Journalist_141
src_Building_12,src_Prince_28
src_Crime_9,src_Intellectual-Movement_469
src_Dancer_394,src_Political-Symbol_488
src_Pope_244,src_Liturgical-Object_52
src_Idea_402,src_Time_79
src_Writing_101,src_Sultan_26
src_Conceptual-Object_0,src_Business-Leader_250
src_Inventor_441,src_Cultural-Agreement_463
src_Object_376,src_King_339
src_Political-Region_49,src_King_169
src_Foreign-Minister_368,src_Head-of-State_68
src_Newspaper_338,src_Military-Organisation_210
src_Religious-Leader_171,src_King_166
src_Journalist_124,src_Battle_189
src_Trade-Association_485,src_Location-Part-Relation_126
src_Politician_367,src_Period-in-Office_450
src_Village_81,src_Intra-State-Group_331
src_Trades-Unionist_126,src_Board_253
src_Population-Movement_145,src_International-Organisation_266
src_Social-Stratum_265,src_Artist_402
src_Pollution_142,src_Trades-Unionist_263
