src_Settlement_0,src_Dynasty_447
src_Religious-Ideology_31,src_Cathedral_310
src_Book_224,src_Landmark_64
src_Church_52,src_Public-Oration_255
src_Writing_83,src_Geographer_94
src_Cathedral_149,src_Sculpture_320
src_Writing_209,src_Measurable-Trend_412
src_Environment_134,src_Foreign-Minister_403
src_Film-Maker_231,src_Time_269
src_Crime_470,src_Religious-Organisation_297
src_Church-Reformer_17,src_Trial_443
src_Religious-Order_289,src_International-Alliance_380
src_Uprising_61,src_Election_476
src_Psychologist_163,src_Intellectual-Construct_157
src_Philanthropist_206,src_Pamphlet_492
src_FuzzyTemporalInterval_329,src_Armament_141
src_Commodity_315,src_Astronaut_33
src_Philanthropist_33,src_Scandal_168
src_Dramaturge_400,src_Period-in-Office_337
src_Field-of-Knowledge_348,src_Liturgical-Object_17
src_Economic-Organisation_14,src_Engineer_251
src_Food_189,src_Illness_63
src_Engineer_153,src_Physician_230
src_Individual_496,src_Journal_382
src_Economic-Organisation_110,src_Environment_424
src_Composer_133,src_Election_246
src_Ship_359,src_Public-Oration_476
src_Object_424,src_Church_450
src_Artistic-Style_19,src_Water_444
src_Head-of-Government_16,src_Secular-Leader_490
src_Management-Organisation_40,src_Stereotype-Group_247
src_Crime_294,src_Journalist_166
src_Treaty_99,src_Landmark_126
src_Social-Stratum_309,src_Dramaturge_420
src_Technical-Scientific-Advance_4,src_Relic_403
src_Commodity_406,src_FuzzyTemporalInterval_21
src_Person_109,src_Vehicle_325
src_Symbol_91,src_Magnate_203
src_Artistic-Style_137,src_Scientist_449
src_Painter_296,src_Saint_112
src_Piece-of-Music_483,src_Intellectual-Movement_460
src_Idea_466,src_Book_353
src_FuzzyTemporalInterval_453,src_Badge_49
src_International-Organisation_253,src_Category_163
src_Commodity_391,src_Painter_123
src_Idea_67,src_Astronaut_102
src_Battle_155,src_Period-in-Office_5
src_Artefact_358,src_Trial_348
src_Church_108,src_Social-Stratum_356
src_Other-Religious-Leader_464,src_Party_98
src_Illness_437,src_Field-of-Knowledge_472
src_Dramaturge_86,src_Fictional-Person_403
src_Professor_257,src_Stereotype-Group_75
src_Philanthropist_179,src_Inventor_98
src_Abstract-Notion_66,src_Masonic-Lodge_375
src_Leader_148,src_Ship_447
src_Philanthropist_292,src_City_444
src_Water_275,src_Artistic-Style_302
src_Public-Oration_289,src_Church-Reformer_431
src_Trade-Association_341,src_Management-Organisation_207
src_Uprising_319,src_Train_495
src_Trades-Unionist_149,src_Organisation_443
src_Commodity_407,src_Illness_116
src_Village_433,src_League_121
src_Head-of-State_481,src_Location-Part-Relation_358
src_Discoverer_86,src_Musician_282
src_King_491,src_Field-of-Knowledge_78
src_Battle_209,src_Battle_331
src_Train_229,src_Economic-Organisation_49
src_Time-Dependent-Relation_302,src_Film-Maker_298
src_Cleric_300,src_Sculptor_242
src_Stereotype-Group_470,src_Social-Stratum_57
src_Work-of-Art_145,src_Building_128
src_Abbey_46,src_Object_113
src_Church_32,src_Cleric_285
src_Writing_424,src_Political-Region_288
src_International-Alliance_192,src_Secular-Leader_479
src_Cultural-Organisation_426,src_Painting_323
src_Religious-Order_215,src_Trial_254
src_Queen_298,src_Foreign-Minister_496
src_Piece-of-Music_407,src_Management-Organisation_320
src_Environment_230,src_Economic-Enterprise_200
src_Language_157,src_Cultural-Agreement_100
src_Fictional-Person_379,src_Organisation_301
src_Economic-Process_394,src_Non-Military-Conflict_3
src_Astronaut_328,src_Ritual_417
src_Trade-Association_454,src_Other-Religious-Leader_129
src_Political-Symbol_46,src_Intellectual-Construct_297
src_Geographical-Region_483,src_Diplomat_468
src_Natural-Object_271,src_Symbol_179
src_Prince_121,src_Relic_62
src_Religious-Practice_13,src_Conceptual-Object_183
src_Battle_485,src_Economist_107
src_Queen_353,src_Economic-Enterprise_337
src_Ship_199,src_Animal_81
src_Abstract-Notion_234,src_Badge_9
src_Structure_14,src_War_106
src_Cultural-Agreement_337,src_Idea_165
src_Engineer_312,src_Intra-State-Group_21
src_Sculptor_404,src_Conceptual-Object_198
src_Ecclesiarch_340,src_Other-Religious-Leader_49
src_Crime_385,src_Artistic-Style_402
src_International-Alliance_281,src_Economist_280
src_Armament_141,src_Musician_259
src_Astronaut_138,src_International-Alliance_388
src_Religious-Order_439,src_Masonic-Lodge_266
src_Religious-Order_390,src_Head-of-Government_456
src_King_96,src_Creator_105
src_Military-Person_483,src_Monastery_127
src_Saint_311,src_Category_45
src_Water_341,src_Artefact_236
src_Individual_120,src_Social-Group_112
src_League_173,src_Sculptor_364
src_Legislation_390,src_Structure_31
src_Educational-Organisation_423,src_City_191
src_Stereotype-Group_35,src_Queen_24
src_Social-Stratum_430,src_Journalist_343
src_Physician_272,src_Physician_225
src_Illness_53,src_Trades-Union_499
src_Philosopher_379,src_Criminal_7
src_Village_474,src_Measurable-Trend_344
src_Actor_326,src_Flavour_344
src_Sculpture_488,src_Settlement_22
src_Battle_67,src_Election_388
src_Organisation_38,src_Treaty_148
src_Trades-Union_35,src_Sculptor_115
src_Cathedral_346,src_Painting_23
src_Time-Dependent-Relation_301,src_FuzzyTemporalInterval_385
src_Animal_365,src_Movement_215
src_Church_250,src_Public-Oration_332
src_Ethnic-Group_151,src_National-Symbol_438
src_Monastery_268,src_Intellectual-Construct_29
src_Church_401,src_Liturgical-Object_205
src_Life-Event_82,src_Head-of-Government_334
src_Cultural-Organisation_469,src_Political-Organisation_346
src_Business-Leader_239,src_King_61
src_Organisation_30,src_Symbol_284
src_Religious-Leader_368,src_Head-of-State_351
src_Ideology_330,src_Musician_401
src_Criminal_40,src_Field-of-Knowledge_278
src_Structure_21,src_Clothing_416
src_Cathedral_131,src_Book_491
src_Landmark_433,src_Disease_378
src_Jurist_453,src_Crime_400
src_Trial_249,src_Political-Region_201
src_Ethnic-Group_453,src_Economic-Enterprise_151
src_Period_176,src_Geographical-Discovery_468
src_Landmark_409,src_Magnate_464
src_Symbol_425,src_Social-Group_244
src_Person-Role_82,src_Piece-of-Music_462
src_Field-of-Knowledge_162,src_Ideology_209
src_Ideology_354,src_Clothing_161
src_Trades-Union_226,src_Fictional-Event_37
src_Book_72,src_Category_293
src_Commodity_393,src_Dancer_319
src_National-Symbol_163,src_Food_86
src_VicodiOI_57,src_Film-Maker_49
src_Organisation_28,src_Ship_194
src_Pope_220,src_Inventor_230
src_Sportsman_215,src_Queen_313
src_Social-Group_114,src_Engineer_396
src_Governmental-Organisation_459,src_Discoverer_376
src_Pastime_177,src_Technical-Scientific-Advance_50
src_Cultural-Organisation_396,src_Politician_349
src_Liturgical-Object_401,src_Period_39
src_Life-Event_161,src_Author_455
src_Trade-Association_428,src_Dynasty_268
src_National-Symbol_476,src_Event_464
src_Jurist_240,src_TemporalInterval_186
src_Measurable-Trend_66,src_Film-Maker_93
src_Discoverer_437,src_Structure_137
src_Crime_318,src_Politician_60
src_Natural-Object_149,src_Military-Unit_317
src_League_269,src_Intellectual-Movement_218
src_Representative-Institution_484,src_Election_289
src_Event_52,src_Trades-Union_405
src_Sculpture_420,src_Fictional-Event_322
src_Person_423,src_Board_159
src_Natural-Object_135,src_Criminal_441
src_Country_341,src_Geographer_480
src_Astronaut_290,src_Location-Part-Relation_349
src_Dynasty_443,src_Scientist_171
src_Stereotype-Group_258,src_Ship_152
src_Technical-Scientific-Advance_264,src_Landmark_37
src_Management-Organisation_234,src_Fictional-Event_42
src_Party_244,src_Social-Stratum_11
src_Legislation_325,src_War_472
src_War_282,src_Newspaper_164
src_Battle_442,src_Political-Region_166
src_Conductor_283,src_Social-Group_125
src_Actor_136,src_Role_145
src_Conductor_299,src_War_291
src_Work-of-Art_70,src_Period_441
src_Flavour_325,src_Foreign-Minister_288
src_VicodiOI_338,src_Armament_147
src_Individual_477,src_Astronaut_185
src_Composer_467,src_Foreign-Minister_216
src_Event_351,src_Diplomat_109
src_Foreign-Minister_248,src_Scientist_224
src_Disease_115,src_Time-Dependent_435
src_Landmark_300,src_Religious-Practice_87
src_Engineer_223,src_Religious-Community_324
src_Abstract-Notion_426,src_National-Symbol_471
src_Ritual_226,src_Fictional-Event_474
src_Person-Role_264,src_Management-Organisation_471
src_Religious-Ideology_261,src_Dynasty_390
src_Entertainer_393,src_Inventor_116
src_Secular-Leader_498,src_University_342
src_City_77,src_Abbey_396
src_Artefact_418,src_Journal_471
src_Flavour_5,src_Educational-Organisation_422
src_Representative-Institution_480,src_Scientific-Instrument_360
src_Time-Dependent-Relation_401,src_Person_47
src_Sultan_494,src_Publisher_240
src_Journal_400,src_Category_99
src_Business-Leader_476,src_Leader_172
src_Philanthropist_479,src_Fictional-Event_228
src_Cultural-Organisation_174,src_Legislation_358
src_Engineer_108,src_VicodiOI_409
src_Abbey_344,src_Person_227
src_Prince_174,src_Food_28
src_Person_345,src_Military-Unit_133
src_Military-Organisation_227,src_Time_228
src_TemporalInterval_114,src_Disease_372
src_Political-Symbol_416,src_Ecclesiarch_119
src_Book_474,src_Meeting_88
src_War_473,src_Church-Reformer_53
src_Foreign-Minister_186,src_Cultural-Organisation_290
src_Commodity_368,src_Prince_98
src_Fictional-Person_15,src_TemporalInterval_378
src_Event_256,src_Fictional-Person_483
src_Pope_112,src_Publisher_355
src_International-Organisation_115,src_Military-Organisation_361
src_Artistic-Style_155,src_Idea_406
src_Village_258,src_Prince_440
src_Meeting_173,src_Military-Unit_389
src_Work-of-Art_73,src_Inventor_489
src_Geographical-Discovery_28,src_Artist_146
src_Ecclesiarch_321,src_Period-in-Office_240
src_Category_462,src_Sultan_376
src_Sculptor_16,src_Artist_15
src_Educational-Organisation_465,src_Inventor_96
src_TemporalInterval_437,src_Train_476
src_Individual_182,src_Economic-Organisation_413
src_Scientist_359,src_Sculpture_125
src_Period-in-Office_303,src_Engineer_418
src_Movement_84,src_Battle_191
src_Geographical-Feature_223,src_Fictional-Person_148
src_Treaty_200,src_Abbey_399
src_Idea_115,src_Actor_437
src_Vehicle_364,src_Disease_419
src_VicodiOI_404,src_Trades-Union_498
src_Abbey_73,src_Management-Organisation_231
src_Queen_82,src_Geographer_37
src_Scientist_440,src_Minister_296
src_Dancer_336,src_Population-Movement_98
src_Field-of-Knowledge_177,src_Journal_330
src_Role_226,src_Time-Dependent-Relation_454
src_Individual_223,src_Economic-Symbol_3
src_Secular-Ideology_256,src_Astronaut_119
src_Sportsman_475,src_Fictional-Person_97
src_Intellectual-Movement_202,src_Structure_33
src_Engineer_26,src_Commodity_71
src_Newspaper_200,src_Legislation_327
src_Writing_313,src_Religious-Symbol_60
src_Pamphlet_297,src_Commodity_274
src_Party_248,src_Philanthropist_126
src_TemporalInterval_318,src_Religious-Ideology_292
src_Trade-Association_393,src_Criminal_408
src_Conceptual-Object_162,src_Social-Group_490
src_Scientific-Instrument_356,src_Religious-Organisation_429
src_Professor_256,src_Train_395
src_Meeting_198,src_Badge_109
src_Journalist_370,src_National-Symbol_409
src_Cultural-Organisation_88,src_Scientific-Instrument_258
src_Village_370,src_Publisher_335
src_Philanthropist_395,src_Country_20
src_Building_156,src_Clothing_293
src_Abbey_207,src_Religious-Symbol_148
src_Period_72,src_Dancer_65
src_Commodity_382,src_Conceptual-Object_430
src_Disaster_26,src_Pamphlet_133
src_Theologian_224,src_Functionary_10
src_Idea_331,src_Scientist_321
src_Creator_150,src_Political-Region_150
src_Artistic-Movement_176,src_Clothing_177
src_Ideology_96,src_Trade-Association_381
src_Physician_488,src_Religious-Ideology_325
src_King_420,src_FuzzyTemporalInterval_1
src_Economic-Symbol_476,src_Food_491
src_Writing_83,src_Intra-State-Group_321
src_Badge_222,src_Commodity_53
src_Art-Form_264,src_TemporalInterval_276
src_Liturgical-Object_4,src_Country_39
src_League_126,src_War_364
src_Settlement_471,src_Jurist_364
src_Newspaper_5,src_Professor_367
src_Geographical-Discovery_382,src_Foreign-Minister_386
src_Military-Organisation_364,src_Astronaut_193
src_Intellectual-Construct_398,src_Time-Dependent-Relation_68
src_Settlement_371,src_Intra-State-Group_491
src_Business-Leader_158,src_Time-Dependent_455
src_Political-Symbol_105,src_Church-Reformer_141
src_Geographical-Region_454,src_Landmark_138
src_Period_267,src_Military-Organisation_33
src_Management-Organisation_365,src_Population-Movement_79
src_Village_322,src_Inventor_137
src_Discoverer_344,src_Composer_337
src_Piece-of-Music_226,src_Military-Person_268
src_Disease_134,src_Commodity_272
src_Meeting_473,src_Economic-Organisation_313
src_Pastime_364,src_Scientist_318
src_Church_380,src_Foreign-Minister_389
src_Jurist_456,src_Artist_273
src_Social-Group_78,src_Masonic-Lodge_45
src_Political-Symbol_388,src_Inventor_121
src_Ship_369,src_Saint_485
src_Person_158,src_Sculptor_394
src_Architect_350,src_Piece-of-Music_34
src_Religious-Ideology_378,src_Pope_92
src_Conductor_18,src_Trades-Unionist_392
src_Country_280,src_Clothing_166
src_Journal_313,src_International-Organisation_149
src_Book_345,src_Work-of-Art_227
src_Geographer_485,src_Religious-Leader_44
src_Business-Leader_11,src_Religious-Practice_399
src_Movement_193,src_Geographer_189
src_Sultan_348,src_Building_13
src_Queen_251,src_Criminal_403
src_King_169,src_Architect_26
src_Abbey_396,src_Religious-Symbol_100
src_Stereotype-Group_160,src_Disaster_477
src_National-Symbol_228,src_Trades-Union_423
src_Technical-Scientific-Advance_444,src_Head-of-Government_192
src_Cultural-Agreement_216,src_Sculpture_279
src_Military-Person_173,src_Movement_121
src_Piece-of-Music_438,src_Writing_28
src_Pollution_79,src_Political-Organisation_250
src_Geographer_469,src_Economist_476
src_Individual_289,src_Time-Dependent_275
src_Other-Religious-Person_16,src_Military-Person_160
src_Election_151,src_Animal_451
src_Country_393,src_Queen_310
src_Individual_146,src_Physician_23
src_Religious-Order_19,src_Natural-Object_469
src_Language_181,src_Inventor_369
src_Scandal_286,src_Water_12
src_Author_319,src_Head-of-State_86
src_Military-Organisation_55,src_War_361
src_Badge_425,src_Water_248
src_Battle_195,src_Technical-Scientific-Advance_315
src_TemporalInterval_423,src_Queen_364
src_Environment_55,src_Natural-Object_105
src_Queen_440,src_Prince_276
src_Role_50,src_Architect_116
src_Religious-Community_152,src_Location_162
src_Jurist_155,src_Minister_420
src_Ethnic-Group_382,src_Category_362
src_Engineer_374,src_Time-Dependent_131
src_Book_283,src_Symbol_431
src_Religious-Movement_208,src_Ethnic-Group_63
src_King_439,src_Time-Dependent_467
src_Trade-Association_357,src_Period-in-Office_148
src_Party_5,src_Psychologist_430
src_Ritual_331,src_Geographical-Feature_371
src_Village_317,src_City_138
src_Vehicle_286,src_Environment_132
src_Conductor_223,src_Election_265
src_Party_224,src_Animal_73
src_Train_379,src_Religious-Movement_57
src_Conceptual-Object_296,src_Pope_200
src_City_25,src_Individual_74
src_Criminal_432,src_Discoverer_84
src_Secular-Leader_235,src_Political-Organisation_151
src_Newspaper_456,src_Pamphlet_144
src_Minister_259,src_Legislation_145
src_Time_254,src_Public-Oration_253
src_Masonic-Lodge_176,src_City_338
src_Architect_141,src_Clothing_216
src_Time-Dependent-Relation_230,src_Inventor_443
src_Journalist_152,src_Person-Role_38
src_Pope_392,src_Social-Group_258
src_Artistic-Style_126,src_Trades-Unionist_61
src_Ship_194,src_Cultural-Organisation_136
src_Party_381,src_Disease_213
src_Structure_81,src_Sportsman_383
src_Educational-Organisation_306,src_Symbol_76
src_Philosopher_360,src_Artist_333
src_Art-Form_329,src_Election_172
src_Masonic-Lodge_31,src_Geographical-Feature_175
src_Geographical-Region_294,src_Political-Region_277
src_Astronaut_137,src_Organisation_157
src_Jurist_444,src_Geographical-Discovery_140
src_Piece-of-Music_315,src_Secular-Leader_244
src_King_141,src_VicodiOI_132
src_Life-Event_253,src_Book_63
src_Party_141,src_Entertainer_384
src_Geographical-Feature_25,src_Social-Stratum_140
src_Secular-Movement_359,src_Dancer_487
src_Economic-Enterprise_164,src_Meeting_169
src_Treaty_284,src_Economic-Process_326
src_Art-Form_346,src_Badge_16
src_Time_144,src_Category_336
src_Stereotype-Group_183,src_Management-Organisation_206
src_Management-Organisation_202,src_Structure_293
src_Country_57,src_Emperor_488
src_Professor_477,src_Psychologist_2
src_Landmark_158,src_Saint_124
src_Disaster_326,src_Economist_58
src_Country_53,src_Economic-Enterprise_424
src_Jurist_70,src_Religious-Leader_377
src_Landmark_222,src_Time_33
src_Criminal_75,src_Stereotype-Group_251
src_Professor_212,src_Event_365
src_Politician_440,src_Relic_372
src_Painting_40,src_Functionary_381
src_Pollution_379,src_Stereotype-Group_390
src_Dramaturge_189,src_Piece-of-Music_83
src_Religious-Symbol_136,src_Village_369
src_Economic-Organisation_267,src_Pope_152
src_Psychologist_52,src_Film-Maker_177
src_Intellectual-Construct_162,src_Leader_179
src_Period-in-Office_312,src_International-Alliance_24
src_Landmark_2,src_Philanthropist_300
src_Animal_438,src_Time-Dependent_105
src_Intellectual-Construct_498,src_Painting_46
src_Abstract-Notion_332,src_Representative-Institution_241
src_Fictional-Event_338,src_Natural-Object_217
src_International-Organisation_174,src_International-Organisation_489
src_Pamphlet_499,src_Military-Unit_495
src_Saint_38,src_Ethnic-Group_477
src_Stereotype-Group_263,src_Religious-Symbol_94
src_Functionary_130,src_Writing_139
src_Economic-Organisation_263,src_Pastime_40
src_Conductor_404,src_Painting_321
src_Train_383,src_Measurable-Trend_466
src_Other-Religious-Leader_375,src_Crime_38
src_Period-in-Office_370,src_Religious-Movement_149
src_Economic-Enterprise_8,src_Election_5
src_VicodiOI_112,src_Astronaut_299
src_Architect_274,src_Ship_144
src_Geographical-Region_405,src_Theologian_178
src_Time-Dependent-Relation_342,src_Religious-Community_194
src_Sultan_21,src_Newspaper_139
src_Dancer_233,src_Composer_220
src_Religious-Organisation_168,src_Abbey_168
src_Clerical-Leader_400,src_Treaty_323
src_Religious-Leader_169,src_Conceptual-Object_62
src_Actor_11,src_Settlement_392
src_Piece-of-Music_40,src_Conceptual-Object_191
src_Artefact_436,src_Stereotype-Group_70
src_Symbol_385,src_Village_393
src_Church_314,src_Legislation_371
src_Pollution_148,src_Public-Oration_413
src_Movement_377,src_Train_379
src_Diplomat_45,src_City_404
src_Artistic-Movement_46,src_Dancer_323
src_Monastery_403,src_Population-Movement_172
src_Ideology_317,src_Religious-Order_62
src_National-Symbol_343,src_Vehicle_415
src_Monastery_56,src_Work-of-Art_147
src_Crime_87,src_Disaster_111
src_Economic-Organisation_395,src_Category_81
src_Dramaturge_209,src_Symbol_180
src_Prince_92,src_Professor_101
src_Natural-Object_147,src_Sculptor_473
src_Emperor_357,src_Masonic-Lodge_7
src_Building_282,src_Individual_398
src_Entertainer_226,src_Head-of-Government_136
src_Life-Event_441,src_Management-Organisation_170
src_Piece-of-Music_246,src_Representative-Institution_9
src_Intra-State-Group_469,src_Economic-Symbol_38
src_Organisation_35,src_Life-Event_406
src_Artistic-Movement_16,src_Minister_441
src_Organisation_381,src_Emperor_279
src_Scientific-Instrument_19,src_Armament_265
src_Engineer_413,src_Ritual_46
src_Governmental-Organisation_189,src_Publisher_148
src_Newspaper_443,src_Economic-Organisation_11
src_Location-Part-Relation_140,src_Philosopher_320
src_Event_381,src_Work-of-Art_214
src_Artefact_433,src_Sculpture_408
src_Work-of-Art_259,src_Musician_387
src_Church-Reformer_413,src_Economist_313
src_Leader_415,src_Discoverer_145
src_Ethnic-Group_316,src_Liturgical-Object_322
src_Diplomat_136,src_Organisation_210
src_University_335,src_Flavour_75
src_Language_261,src_Leader_149
src_Fictional-Event_395,src_Flavour_275
src_Architect_233,src_Sportsman_480
src_Geographer_370,src_Technical-Scientific-Advance_234
src_Location-Part-Relation_290,src_Economic-Symbol_53
src_Badge_286,src_Politician_43
src_Trial_231,src_Engineer_176
src_Work-of-Art_9,src_Location-Part-Relation_278
src_Economic-Organisation_367,src_Economic-Symbol_43
src_Train_477,src_Crime_458
src_International-Organisation_354,src_Politician_296
src_Masonic-Lodge_488,src_Political-Organisation_71
src_Population-Movement_316,src_Foreign-Minister_158
src_Theologian_27,src_Ritual_268
src_Philosopher_291,src_Time_352
src_Painter_351,src_Conceptual-Object_366
src_Head-of-State_216,src_Actor_180
src_Church_317,src_Animal_208
src_Sculptor_470,src_Time-Dependent-Relation_277
src_FuzzyTemporalInterval_43,src_Treaty_61
src_Ecclesiarch_63,src_Saint_273
src_Secular-Leader_410,src_Abbey_88
src_Clothing_380,src_FuzzyTemporalInterval_207
src_Battle_485,src_Relic_486
src_Pope_198,src_Publisher_100
src_Vehicle_276,src_Business-Leader_353
src_Inventor_73,src_Badge_466
src_Measurable-Trend_232,src_Location-Part-Relation_87
src_Inventor_262,src_Cultural-Organisation_4
src_Entertainer_127,src_Publisher_397
src_Scientist_142,src_Film-Maker_347
src_Treaty_331,src_Cultural-Agreement_172
src_Journal_359,src_Work-of-Art_32
src_Journalist_405,src_Period-in-Office_282
src_Psychologist_131,src_International-Alliance_182
src_Film-Maker_187,src_Settlement_485
src_Cleric_97,src_Time-Dependent_92
src_Ethnic-Group_324,src_Artistic-Movement_215
src_Pastime_278,src_Clerical-Leader_93
src_National-Symbol_112,src_Legislation_376
src_Entertainer_437,src_Sportsman_290
src_Minister_134,src_Economic-Symbol_123
src_Monastery_100,src_Flavour_415
src_Flavour_255,src_Trades-Union_260
src_Trade-Association_45,src_Newspaper_441
src_Trial_215,src_Cultural-Organisation_207
src_Fictional-Person_54,src_Artist_369
src_Flavour_337,src_National-Symbol_35
src_Ethnic-Group_230,src_Battle_399
src_Time-Dependent_100,src_Pastime_463
src_Food_105,src_Art-Form_203
src_Management-Organisation_54,src_Diplomat_444
src_Philosopher_32,src_Economic-Enterprise_172
src_Geographer_76,src_Population-Movement_112
src_Religious-Symbol_216,src_Meeting_311
src_Political-Organisation_405,src_Liturgical-Object_472
src_Artist_125,src_Battle_179
src_Language_466,src_Actor_343
src_Pamphlet_57,src_Film-Maker_392
src_Trial_77,src_Economic-Symbol_332
src_Water_244,src_Professor_163
src_Head-of-Government_165,src_Criminal_383
src_Person-Role_315,src_Public-Oration_231
src_Time_357,src_Intra-State-Group_16
src_Minister_215,src_Management-Organisation_259
src_Inventor_38,src_Cathedral_470
src_Sultan_240,src_Religious-Symbol_353
src_Magnate_199,src_Geographer_493
src_Intellectual-Movement_96,src_Ecclesiarch_231
src_Landmark_244,src_TemporalInterval_104
src_Church-Reformer_255,src_Abbey_410
src_Armament_45,src_Architect_227
src_Politician_266,src_Economic-Enterprise_109
src_Engineer_277,src_Water_301
src_Conductor_334,src_Population-Movement_98
src_Cathedral_314,src_Religious-Leader_114
src_Party_468,src_Geographical-Discovery_333
src_Structure_453,src_Emperor_334
src_International-Alliance_112,src_Other-Religious-Person_278
src_Professor_332,src_Public-Oration_4
src_Religious-Ideology_476,src_Battle_339
src_Secular-Leader_214,src_Religious-Symbol_159
src_Economic-Enterprise_367,src_Water_306
src_Object_115,src_Ethnic-Group_32
src_Stereotype-Group_236,src_Technical-Scientific-Advance_307
src_Economist_250,src_Functionary_201
src_Creator_442,src_Cleric_248
src_Criminal_387,src_Religious-Symbol_492
src_Monastery_395,src_VicodiOI_231
src_Illness_379,src_Philosopher_461
src_Artistic-Style_123,src_Other-Religious-Person_243
src_TemporalInterval_329,src_Religious-Community_227
src_Flavour_468,src_FuzzyTemporalInterval_355
src_Water_313,src_Party_383
src_Landmark_441,src_Liturgical-Object_24
src_Pamphlet_94,src_Military-Unit_474
src_Election_9,src_Diplomat_318
src_International-Alliance_133,src_Minister_90
src_Economic-Symbol_259,src_Cathedral_88
src_Trial_493,src_Scientist_461
src_Symbol_293,src_Ship_179
src_Journal_286,src_Jurist_105
src_Sportsman_38,src_Illness_59
src_Abstract-Notion_445,src_Party_122
src_Disaster_61,src_Trades-Union_461
src_Train_487,src_Time-Dependent-Relation_359
src_Battle_170,src_Journalist_249
src_Symbol_3,src_Object_393
src_Pamphlet_445,src_Theologian_145
src_Trades-Unionist_282,src_Religious-Ideology_449
src_Armament_168,src_Journal_139
src_Prince_71,src_Painter_70
src_Intellectual-Movement_235,src_Non-Military-Conflict_422
src_Language_90,src_Conceptual-Object_232
src_Military-Organisation_11,src_Publisher_258
src_Armament_34,src_Creator_321
src_Category_10,src_Other-Religious-Leader_487
src_Cleric_421,src_Period-in-Office_227
src_Category_411,src_Book_122
src_Church-Reformer_52,src_Building_183
src_Animal_12,src_Clothing_379
src_Event_434,src_Time-Dependent-Relation_40
src_Work-of-Art_120,src_International-Alliance_35
src_Location_95,src_Time-Dependent-Relation_1
src_Political-Symbol_487,src_Dancer_223
src_Dancer_191,src_Representative-Institution_306
src_Pamphlet_495,src_Pamphlet_54
src_Economic-Process_254,src_Composer_188
src_Inventor_338,src_Person-Role_443
src_Legislation_259,src_Religious-Practice_499
src_Fictional-Person_29,src_Physician_328
src_War_406,src_Artefact_66
src_Ship_292,src_Geographical-Discovery_187
src_Pamphlet_175,src_War_219
src_Pope_252,src_Journalist_185
src_Engineer_491,src_Social-Stratum_170
src_Composer_91,src_Entertainer_209
src_Astronaut_32,src_Physician_126
src_Meeting_160,src_Creator_189
src_Individual_450,src_Painter_336
src_Category_105,src_King_309
src_Church_270,src_Physician_137
src_Trial_110,src_Movement_361
src_Trades-Union_431,src_Ritual_436
src_Sportsman_182,src_Art-Form_267
src_Religious-Movement_181,src_Pollution_489
src_Economic-Enterprise_138,src_Movement_14
src_City_448,src_Professor_350
src_Economic-Process_426,src_Social-Group_456
src_Economic-Process_212,src_Organisation_321
src_Vehicle_482,src_War_168
src_Functionary_328,src_Representative-Institution_391
src_Social-Group_158,src_Liturgical-Object_248
src_Book_200,src_Dancer_83
src_Village_184,src_Entertainer_231
src_Secular-Movement_36,src_Church-Reformer_53
src_Piece-of-Music_444,src_Measurable-Trend_183
src_TemporalInterval_332,src_VicodiOI_267
src_Election_483,src_International-Organisation_212
src_Meeting_72,src_Artefact_394
src_Role_66,src_Religious-Practice_115
src_Period_295,src_Writing_137
src_Religious-Movement_289,src_Religious-Organisation_328
src_Period-in-Office_421,src_Ritual_64
src_Artefact_166,src_Social-Group_300
src_Ship_443,src_Board_418
src_Military-Unit_492,src_Religious-Movement_427
src_Illness_195,src_Election_423
src_Language_423,src_Landmark_462
src_Clothing_266,src_Time_314
src_Religious-Order_109,src_Artefact_105
src_Piece-of-Music_360,src_VicodiOI_439
src_Clothing_48,src_Party_70
src_Economic-Organisation_392,src_Animal_190
src_Sportsman_419,src_Leader_187
src_Geographical-Region_83,src_Ethnic-Group_46
src_Creator_134,src_Battle_244
src_Scandal_339,src_FuzzyTemporalInterval_478
src_Economist_248,src_Uprising_62
src_Journalist_293,src_Ritual_444
src_Life-Event_90,src_Economist_401
src_Military-Unit_192,src_Geographical-Discovery_356
src_Religious-Leader_136,src_Secular-Movement_206
src_Settlement_330,src_Economic-Enterprise_496
src_Flavour_164,src_Pope_357
src_Saint_12,src_VicodiOI_247
src_Geographical-Discovery_258,src_Liturgical-Object_84
src_Abbey_3,src_Head-of-State_272
src_Election_188,src_Emperor_264
src_Leader_375,src_Fictional-Person_443
src_Scientist_5,src_Vehicle_167
src_Pope_76,src_Management-Organisation_161
src_Settlement_288,src_Journal_116
src_Management-Organisation_109,src_Period_394
src_Conductor_475,src_Jurist_297
src_Business-Leader_495,src_Military-Organisation_86
src_Artistic-Style_250,src_Religious-Symbol_249
src_Water_273,src_Politician_32
src_Organisation_475,src_Jurist_42
src_Sculpture_171,src_Intellectual-Movement_448
src_Fictional-Event_1,src_Composer_431
src_Cathedral_52,src_Economist_54
src_Film-Maker_220,src_Liturgical-Object_62
src_Economic-Process_393,src_Scandal_139
src_Cultural-Organisation_456,src_Architect_195
src_Astronaut_117,src_Geographer_87
src_Religious-Movement_75,src_Saint_318
src_VicodiOI_305,src_Intellectual-Movement_157
src_Location_174,src_Clothing_173
src_Ethnic-Group_195,src_Armament_173
src_Stereotype-Group_444,src_Intellectual-Movement_171
src_Social-Stratum_0,src_Trade-Association_430
src_Scandal_303,src_Head-of-State_258
src_Artist_324,src_Uprising_127
src_Church-Reformer_472,src_Sultan_389
src_Sculpture_58,src_Pastime_77
src_Inventor_0,src_Conceptual-Object_130
src_International-Alliance_58,src_Building_263
src_Organisation_390,src_Philosopher_49
src_Psychologist_273,src_Person_29
src_Economist_326,src_Religious-Symbol_22
src_Leader_189,src_Scientific-Instrument_269
src_Time-Dependent_422,src_Abstract-Notion_54
src_Uprising_339,src_Physician_404
src_Jurist_332,src_Masonic-Lodge_30
src_Cleric_347,src_Book_449
src_Author_36,src_Field-of-Knowledge_106
src_Secular-Ideology_140,src_Professor_100
src_Astronaut_201,src_Environment_371
src_Religious-Community_121,src_Technical-Scientific-Advance_272
src_Badge_297,src_Publisher_93
src_Technical-Scientific-Advance_176,src_Public-Oration_13
src_Legislation_295,src_Ritual_477
src_VicodiOI_4,src_University_210
src_Intellectual-Movement_210,src_Trial_339
src_Management-Organisation_100,src_King_180
src_Newspaper_156,src_Trades-Unionist_21
src_Painting_136,src_Field-of-Knowledge_68
src_Cleric_261,src_VicodiOI_194
src_Religious-Order_333,src_Economic-Organisation_465
src_Event_47,src_Cathedral_275
src_Political-Organisation_449,src_Piece-of-Music_335
src_Artefact_194,src_Other-Religious-Person_249
src_Commodity_470,src_Leader_64
src_King_127,src_Inventor_108
src_Political-Symbol_185,src_Art-Form_167
src_Educational-Organisation_435,src_Work-of-Art_153
src_Painting_17,src_Settlement_155
src_Artistic-Style_190,src_Political-Organisation_496
src_Election_167,src_Commodity_68
src_Conductor_493,src_Water_126
src_Actor_481,src_Scientist_293
src_Scientific-Instrument_135,src_Geographical-Region_324
src_Business-Leader_362,src_Criminal_146
src_Composer_149,src_Symbol_486
src_Cultural-Agreement_189,src_Train_220
src_Party_427,src_University_140
src_Actor_158,src_Relic_388
src_Idea_340,src_Abbey_132
src_Stereotype-Group_6,src_Economic-Enterprise_447
src_Other-Religious-Leader_366,src_Pamphlet_93
src_Religious-Leader_60,src_Stereotype-Group_256
src_Artist_341,src_Governmental-Organisation_405
src_Queen_444,src_Musician_11
src_Architect_54,src_Inventor_467
src_Vehicle_58,src_Functionary_119
src_Religious-Community_122,src_Philanthropist_497
src_Philosopher_453,src_City_149
src_Time-Dependent_462,src_Economic-Enterprise_311
src_Politician_98,src_Public-Oration_262
src_Secular-Movement_330,src_Minister_206
src_Journalist_184,src_Person-Role_381
src_Religious-Ideology_376,src_Individual_326
src_League_102,src_Settlement_58
src_Economic-Organisation_295,src_Artefact_387
src_Religious-Organisation_62,src_Economic-Process_11
src_Movement_26,src_Scandal_479
src_Trades-Union_210,src_Geographical-Feature_279
src_Religious-Leader_404,src_Geographical-Region_373
src_Piece-of-Music_298,src_Sultan_409
src_Ideology_479,src_Emperor_283
src_Trades-Union_335,src_Legislation_373
src_Train_159,src_Secular-Movement_368
src_Leader_244,src_War_306
src_Trial_466,src_Geographical-Discovery_323
src_Geographical-Region_172,src_Governmental-Organisation_489
src_Village_475,src_Pastime_298
src_Political-Organisation_461,src_Religious-Symbol_456
src_International-Alliance_497,src_Professor_143
src_Masonic-Lodge_141,src_Artistic-Movement_135
src_Intellectual-Construct_378,src_Pope_22
src_Conductor_120,src_Discoverer_410
src_Period-in-Office_26,src_Battle_444
src_Relic_158,src_Technical-Scientific-Advance_180
src_Settlement_335,src_Artistic-Style_217
src_Person-Role_467,src_Creator_325
src_Religious-Practice_20,src_Sculpture_322
src_Clerical-Leader_463,src_Astronaut_457
src_Flavour_69,src_Representative-Institution_215
src_Masonic-Lodge_429,src_Ecclesiarch_142
src_Individual_54,src_Sportsman_246
src_Secular-Ideology_394,src_League_313
src_Pope_5,src_Economic-Enterprise_446
src_Religious-Community_237,src_Category_365
src_Trial_354,src_Field-of-Knowledge_461
src_Theologian_186,src_Scandal_278
src_Population-Movement_462,src_Political-Symbol_369
src_Ideology_124,src_Piece-of-Music_175
src_Board_91,src_Religious-Community_298
src_Location-Part-Relation_116,src_Clothing_19
src_Uprising_160,src_Dynasty_261
src_Journal_222,src_Category_456
src_Meeting_126,src_Ideology_78
src_Religious-Community_309,src_Religious-Community_54
src_Political-Organisation_455,src_Trades-Union_127
src_VicodiOI_57,src_Language_168
src_Uprising_7,src_Food_238
src_Pope_142,src_Settlement_379
src_Church_59,src_Architect_150
src_Engineer_268,src_Actor_45
src_Artist_181,src_Time-Dependent_282
src_Philosopher_453,src_Religious-Organisation_227
src_Philosopher_231,src_Geographical-Discovery_333
src_Technical-Scientific-Advance_404,src_League_198
src_Minister_116,src_Management-Organisation_3
src_Social-Stratum_6,src_Language_409
src_Dancer_316,src_Economist_378
src_Fictional-Event_172,src_Ethnic-Group_424
src_Saint_441,src_International-Alliance_318
src_Scientific-Instrument_66,src_Military-Person_71
src_Work-of-Art_306,src_Art-Form_6
src_Artist_296,src_International-Organisation_152
src_Role_217,src_Film-Maker_338
src_Relic_484,src_Secular-Ideology_8
src_Location-Part-Relation_290,src_Prince_363
src_Object_25,src_Trade-Association_442
src_Cultural-Agreement_276,src_Governmental-Organisation_164
src_Fictional-Event_496,src_Object_162
src_Ritual_112,src_TemporalInterval_364
src_Language_226,src_Head-of-State_11
src_Fictional-Event_338,src_Minister_345
src_Social-Stratum_146,src_Political-Symbol_361
src_Musician_290,src_Meeting_22
src_Scandal_365,src_Person-Role_179
src_Battle_20,src_Creator_273
src_Church-Reformer_26,src_Cathedral_113
src_Head-of-State_298,src_Artistic-Movement_6
src_Armament_269,src_City_206
src_Political-Organisation_340,src_Composer_217
src_Trades-Union_298,src_Engineer_111
src_Abbey_454,src_Creator_388
src_Diplomat_489,src_Intra-State-Group_130
src_Treaty_335,src_Political-Organisation_414
src_Politician_72,src_War_439
src_Settlement_66,src_Abstract-Notion_388
src_Minister_230,src_Engineer_218
src_FuzzyTemporalInterval_173,src_Theologian_447
src_Prince_156,src_Secular-Leader_286
src_Event_480,src_Diplomat_407
src_Monastery_416,src_Pollution_172
src_Criminal_460,src_Category_389
src_Train_84,src_Intellectual-Construct_257
src_Intellectual-Construct_178,src_International-Alliance_406
src_Functionary_289,src_Abstract-Notion_287
src_Inventor_63,src_Meeting_121
src_Film-Maker_242,src_Physician_147
src_Military-Organisation_231,src_Discoverer_452
src_Environment_55,src_Trade-Association_236
src_Religious-Organisation_323,src_Book_36
src_Creator_472,src_Philosopher_478
src_Piece-of-Music_45,src_Illness_488
src_Masonic-Lodge_385,src_Conceptual-Object_268
src_Commodity_468,src_Church_1
src_Trades-Unionist_382,src_Object_226
src_Entertainer_450,src_Non-Military-Conflict_304
src_Trade-Association_142,src_Piece-of-Music_395
src_Period_85,src_Theologian_277
src_Pastime_137,src_Structure_411
src_Film-Maker_43,src_Foreign-Minister_166
src_Religious-Organisation_163,src_Leader_105
src_Head-of-Government_490,src_Artistic-Style_290
src_Physician_168,src_Liturgical-Object_254
src_Secular-Movement_196,src_Prince_377
src_International-Organisation_300,src_Armament_84
src_Badge_88,src_Stereotype-Group_254
src_Technical-Scientific-Advance_354,src_Astronaut_416
src_Sculptor_252,src_Church-Reformer_176
src_Head-of-Government_483,src_Military-Organisation_3
src_Sultan_352,src_Cleric_463
src_Technical-Scientific-Advance_57,src_Musician_24
src_Economic-Organisation_238,src_Religious-Movement_41
src_Scandal_306,src_Cathedral_68
src_Art-Form_398,src_Church-Reformer_438
src_Symbol_0,src_Writing_276
src_Intra-State-Group_284,src_Artistic-Style_186
src_Technical-Scientific-Advance_48,src_Disease_102
src_Professor_327,src_Time-Dependent-Relation_314
src_Trades-Unionist_421,src_Individual_284
src_Newspaper_113,src_Other-Religious-Leader_118
src_Cleric_8,src_Secular-Leader_42
src_Ritual_241,src_Social-Group_484
src_Representative-Institution_43,src_Discoverer_223
src_Jurist_223,src_Writing_496
src_Dancer_363,src_Location-Part-Relation_409
src_Geographical-Feature_125,src_Professor_254
src_Discoverer_152,src_Other-Religious-Person_472
src_Life-Event_366,src_Environment_390
src_Emperor_337,src_King_147
src_Secular-Ideology_243,src_Non-Military-Conflict_150
src_Time-Dependent-Relation_242,src_Saint_455
src_Trades-Unionist_302,src_Natural-Object_274
src_Pastime_192,src_Monastery_384
src_Ship_343,src_Professor_406
src_Leader_161,src_Pollution_495
src_Emperor_27,src_Entertainer_371
src_Cultural-Organisation_110,src_Painter_42
src_Economic-Enterprise_156,src_Food_479
src_Religious-Community_286,src_Settlement_389
src_Armament_116,src_King_60
src_Period-in-Office_50,src_Religious-Order_189
src_VicodiOI_78,src_Location-Part-Relation_36
src_Cathedral_377,src_Religious-Organisation_423
src_Artistic-Style_182,src_Disease_183
src_Ship_343,src_Board_208
src_Jurist_490,src_Author_314
src_Foreign-Minister_483,src_Architect_147
src_Vehicle_481,src_Fictional-Person_194
src_Sultan_202,src_Intellectual-Construct_173
src_Scientific-Instrument_333,src_Economic-Process_263
src_Location_99,src_Meeting_384
src_Category_434,src_Measurable-Trend_125
src_Cultural-Agreement_151,src_Ideology_456
src_Trade-Association_278,src_Language_29
src_Psychologist_40,src_Political-Region_453
src_Geographical-Feature_165,src_Economic-Enterprise_88
src_VicodiOI_40,src_King_334
src_Event_304,src_Conductor_243
src_Piece-of-Music_297,src_Abstract-Notion_51
src_University_347,src_Governmental-Organisation_468
src_Secular-Ideology_447,src_Ritual_167
src_Economic-Symbol_13,src_Sculptor_167
src_Actor_234,src_Cleric_402
src_Journalist_408,src_Social-Group_402
src_Illness_467,src_Political-Organisation_268
src_Clerical-Leader_251,src_Author_7
src_Film-Maker_296,src_Natural-Object_495
src_Pamphlet_198,src_Magnate_402
src_City_291,src_Actor_33
src_Vehicle_194,src_Sculptor_28
src_Cultural-Organisation_349,src_Country_215
src_Time-Dependent_447,src_Religious-Symbol_416
src_Train_112,src_Politician_234
src_Illness_302,src_Meeting_65
src_FuzzyTemporalInterval_51,src_Economist_145
src_Religious-Order_141,src_International-Alliance_210
src_Settlement_94,src_International-Organisation_81
src_Conceptual-Object_204,src_Engineer_92
src_Train_432,src_Head-of-State_111
src_Social-Stratum_492,src_Disaster_67
src_Structure_99,src_Role_21
src_Category_50,src_Secular-Leader_344
src_Sculptor_164,src_Artist_369
src_Theologian_46,src_Event_140
src_Trades-Unionist_241,src_Sultan_151
src_Military-Person_261,src_Military-Unit_51
src_Religious-Community_248,src_City_3
src_Pope_309,src_Symbol_361
src_War_147,src_National-Symbol_212
src_Legislation_410,src_Scandal_416
src_Non-Military-Conflict_104,src_Economist_398
src_Geographical-Region_240,src_Village_267
src_TemporalInterval_152,src_Religious-Organisation_357
src_Military-Organisation_77,src_Period_69
src_Ship_361,src_War_254
src_Artist_357,src_Philanthropist_183
src_Business-Leader_381,src_Organisation_72
src_Religious-Symbol_89,src_Art-Form_213
src_Uprising_290,src_Sculpture_85
src_Artefact_219,src_Philosopher_141
src_TemporalInterval_58,src_Emperor_492
src_Location-Part-Relation_58,src_International-Organisation_2
src_Sculpture_470,src_Fictional-Event_93
src_Social-Group_12,src_Geographical-Discovery_50
src_Treaty_112,src_Work-of-Art_313
src_Church_321,src_Minister_299
src_Musician_495,src_Journalist_405
src_Dynasty_235,src_Landmark_217
src_Intra-State-Group_336,src_Population-Movement_174
src_Journalist_150,src_Time-Dependent_106
src_Role_452,src_Politician_312
src_Time-Dependent-Relation_170,src_Fictional-Event_420
src_Location-Part-Relation_186,src_Sportsman_146
src_Vehicle_497,src_Social-Group_470
src_Educational-Organisation_379,src_Intellectual-Construct_331
src_Crime_176,src_Village_243
src_Trades-Unionist_141,src_Time-Dependent_3
src_Composer_339,src_Discoverer_1
src_Religious-Organisation_227,src_Election_266
src_Technical-Scientific-Advance_75,src_King_462
src_Scientist_353,src_Trial_459
src_Life-Event_162,src_Management-Organisation_334
src_Queen_450,src_Politician_302
src_Illness_86,src_Journal_415
src_Social-Stratum_398,src_Magnate_466
src_Life-Event_83,src_Election_11
src_Clothing_330,src_Technical-Scientific-Advance_331
src_Painting_476,src_Country_261
src_Piece-of-Music_245,src_Trades-Unionist_221
src_Individual_462,src_Ship_423
src_Conceptual-Object_139,src_Armament_326
src_Ecclesiarch_330,src_Religious-Ideology_241
src_Diplomat_55,src_Person_300
