src_Object_305,src_Ethnic-Group_139
src_Actor_291,src_Painter_382
src_Period-in-Office_127,src_Life-Event_155
src_Fictional-Person_221,src_Church_397
src_King_423,src_Meeting_218
src_Time_388,src_Intra-State-Group_247
src_Disease_31,src_Scandal_392
src_Structure_395,src_Field-of-Knowledge_116
src_Religious-Movement_243,src_Religious-Ideology_34
src_Ship_225,src_TemporalInterval_60
src_VicodiOI_56,src_Geographical-Region_149
src_Non-Military-Conflict_464,src_Dancer_350
src_Intellectual-Construct_308,src_Economic-Symbol_338
src_Intellectual-Construct_286,src_Artistic-Movement_162
src_Social-Stratum_189,src_Sportsman_360
src_Person-Role_424,src_Cultural-Agreement_408
src_Artist_391,src_Election_476
src_Trial_176,src_Religious-Movement_161
src_Monastery_105,src_Author_184
src_Social-Stratum_125,src_Trade-Association_84
src_Economic-Process_268,src_Psychologist_435
src_Period_359,src_Disease_439
src_Artistic-Movement_145,src_Person_402
src_Governmental-Organisation_441,src_Trades-Union_349
src_Politician_245,src_Country_350
src_Physician_32,src_Trades-Union_466
src_Entertainer_288,src_Clothing_350
src_Election_27,src_Geographical-Region_55
src_Social-Group_49,src_Geographical-Discovery_173
src_Philanthropist_459,src_King_225
src_Fictional-Person_298,src_Battle_322
src_Discoverer_333,src_Time-Dependent_282
src_Sportsman_225,src_Economic-Enterprise_442
src_Saint_117,src_Scientific-Instrument_499
src_Political-Organisation_387,src_Meeting_453
src_National-Symbol_135,src_Population-Movement_278
src_Trades-Union_25,src_Object_492
src_Other-Religious-Person_5,src_Author_81
src_Masonic-Lodge_239,src_Cleric_196
src_Theologian_209,src_Economic-Process_52
src_Trade-Association_435,src_Period_221
src_Village_482,src_Uprising_379
src_Other-Religious-Person_257,src_Intra-State-Group_167
src_Board_324,src_Monastery_257
src_Military-Organisation_470,src_Symbol_56
src_Artistic-Style_222,src_Environment_118
src_Jurist_90,src_Author_164
src_Sultan_41,src_Meeting_118
src_Physician_212,src_City_135
src_Business-Leader_496,src_Structure_207
src_Foreign-Minister_266,src_Business-Leader_478
src_Psychologist_307,src_Geographical-Region_30
src_Clothing_163,src_Religious-Leader_65
src_Trades-Union_342,src_Saint_473
src_Election_315,src_Intellectual-Movement_22
src_Settlement_353,src_Book_190
src_Geographer_170,src_Sportsman_372
src_Non-Military-Conflict_407,src_International-Alliance_466
src_Abstract-Notion_418,src_Landmark_28
src_King_440,src_War_350
src_Leader_64,src_Other-Religious-Leader_180
src_League_28,src_Management-Organisation_117
src_Person-Role_136,src_Dynasty_142
src_Religious-Movement_132,src_Crime_420
src_Time_303,src_Category_256
src_Inventor_406,src_Geographical-Feature_16
src_Secular-Ideology_250,src_Musician_419
src_Philanthropist_183,src_Writing_351
src_Composer_242,src_Time_27
src_Movement_29,src_Animal_3
src_Political-Symbol_82,src_Religious-Leader_396
src_Scandal_379,src_Time-Dependent-Relation_337
src_Engineer_462,src_Economist_48
src_International-Alliance_58,src_Functionary_235
src_Publisher_96,src_Clothing_10
src_Religious-Movement_499,src_Period_397
src_Composer_119,src_International-Alliance_159
src_Religious-Leader_161,src_Landmark_195
src_Theologian_186,src_Crime_352
src_Movement_413,src_Professor_260
src_Abbey_95,src_Animal_470
src_Psychologist_450,src_Painter_296
src_Language_6,src_Idea_372
src_Diplomat_353,src_Meeting_183
src_Religious-Organisation_73,src_VicodiOI_277
src_Cathedral_55,src_Liturgical-Object_480
src_Church-Reformer_199,src_Fictional-Person_178
src_Book_359,src_Geographical-Region_322
src_Clerical-Leader_334,src_Battle_15
src_Ritual_135,src_Leader_482
src_Conductor_3,src_Economic-Organisation_343
src_Water_88,src_Scandal_262
src_Religious-Organisation_291,src_Animal_231
src_Political-Organisation_128,src_Monastery_434
src_Head-of-Government_281,src_Leader_115
src_Dancer_201,src_Painter_23
src_Sportsman_20,src_Church-Reformer_216
src_Actor_461,src_Sultan_46
src_Ethnic-Group_255,src_Pollution_334
src_Sultan_461,src_Religious-Order_457
src_Economist_185,src_Stereotype-Group_42
src_Politician_0,src_Work-of-Art_354
src_Religious-Leader_296,src_Armament_61
src_Engineer_422,src_Educational-Organisation_426
src_Composer_75,src_Political-Organisation_115
src_Environment_340,src_Clerical-Leader_171
src_Religious-Practice_58,src_Clothing_133
src_Monastery_316,src_Public-Oration_389
src_Ship_271,src_Fictional-Person_451
src_Painter_94,src_Intellectual-Movement_436
src_Journalist_320,src_Astronaut_121
src_Flavour_240,src_Uprising_412
src_Board_173,src_Religious-Practice_306
src_Time_239,src_Representative-Institution_383
src_Composer_185,src_Object_19
src_Composer_96,src_Ship_150
src_Battle_305,src_Religious-Practice_0
src_Work-of-Art_7,src_Object_83
src_Pope_334,src_Painter_320
src_Sportsman_488,src_Discoverer_48
src_Leader_213,src_Clothing_31
src_Intellectual-Construct_334,src_Intellectual-Construct_2
src_Political-Symbol_438,src_International-Alliance_130
src_Building_2,src_Flavour_290
src_Intra-State-Group_275,src_International-Organisation_67
src_Period_427,src_Painting_168
src_Fictional-Event_344,src_Minister_384
src_Intra-State-Group_421,src_Geographical-Feature_130
src_Time-Dependent-Relation_127,src_Queen_264
src_Head-of-Government_479,src_Piece-of-Music_265
src_Sultan_111,src_Animal_61
src_Religious-Practice_354,src_Natural-Object_464
src_Economic-Enterprise_150,src_Technical-Scientific-Advance_194
src_Train_21,src_Treaty_46
src_Dramaturge_216,src_Composer_126
src_Period-in-Office_417,src_Intellectual-Construct_435
src_Disease_239,src_Political-Symbol_255
src_Fictional-Event_420,src_Pastime_207
src_Religious-Practice_479,src_King_240
src_FuzzyTemporalInterval_319,src_Diplomat_58
src_FuzzyTemporalInterval_445,src_Inventor_99
src_Painting_474,src_Professor_342
src_Head-of-State_225,src_Religious-Leader_467
src_Head-of-Government_121,src_Meeting_251
src_Functionary_377,src_Astronaut_190
src_Party_394,src_Ship_193
src_Settlement_274,src_Military-Person_391
src_Sultan_370,src_Economic-Organisation_4
src_Object_436,src_Flavour_368
src_Crime_26,src_Secular-Leader_303
src_Sculpture_411,src_Intellectual-Movement_33
src_Trades-Unionist_32,src_Monastery_65
src_Saint_170,src_Minister_443
src_Governmental-Organisation_172,src_Painting_499
src_Technical-Scientific-Advance_84,src_University_6
src_Author_399,src_Symbol_323
src_Idea_247,src_Period_35
src_Economic-Symbol_288,src_Architect_90
src_Religious-Movement_122,src_Dancer_314
src_Journalist_447,src_Environment_126
src_Military-Unit_297,src_Commodity_424
src_Dancer_75,src_Conductor_76
src_League_229,src_Non-Military-Conflict_113
src_Dramaturge_6,src_Disaster_395
src_Military-Organisation_378,src_Astronaut_231
src_Building_105,src_Cultural-Organisation_302
src_VicodiOI_391,src_Flavour_348
src_Economic-Enterprise_2,src_Journal_214
src_Object_333,src_Journalist_260
src_Uprising_439,src_Military-Organisation_96
src_Structure_214,src_League_496
src_Religious-Leader_354,src_Secular-Movement_151
src_Cultural-Organisation_461,src_Clerical-Leader_235
src_Settlement_408,src_Artistic-Movement_108
src_Public-Oration_260,src_Party_193
src_Diplomat_344,src_Legislation_135
src_Queen_292,src_Natural-Object_290
src_Psychologist_215,src_Film-Maker_248
src_Movement_61,src_City_323
src_Governmental-Organisation_143,src_Artistic-Movement_367
src_Business-Leader_253,src_Geographical-Region_201
src_Intellectual-Movement_470,src_Building_423
src_Party_335,src_Symbol_499
src_Artist_74,src_Liturgical-Object_48
src_Ship_13,src_Artistic-Style_0
src_Dynasty_304,src_Economic-Symbol_444
src_Vehicle_320,src_Pamphlet_318
src_Diplomat_59,src_Ideology_117
src_Geographer_261,src_Object_304
src_Religious-Practice_171,src_International-Alliance_120
src_Piece-of-Music_447,src_Person-Role_108
src_Badge_128,src_Cleric_15
src_King_141,src_Location_289
src_Legislation_370,src_Military-Unit_55
src_Church-Reformer_450,src_Philosopher_193
src_Foreign-Minister_312,src_Religious-Organisation_58
src_VicodiOI_404,src_Governmental-Organisation_443
src_TemporalInterval_291,src_Conceptual-Object_434
src_Geographical-Region_284,src_Ethnic-Group_347
src_Landmark_485,src_Country_24
src_Physician_62,src_Musician_204
src_Clerical-Leader_260,src_Composer_62
src_Inventor_195,src_Cultural-Agreement_272
src_Business-Leader_294,src_Clerical-Leader_320
src_Pollution_108,src_Religious-Practice_464
src_Country_225,src_Social-Stratum_290
src_Geographical-Feature_230,src_Dancer_363
src_Economist_62,src_Religious-Order_132
src_Settlement_322,src_Train_255
src_Crime_243,src_Religious-Symbol_100
src_Philosopher_411,src_Other-Religious-Leader_24
src_Military-Unit_250,src_Masonic-Lodge_179
src_Discoverer_481,src_King_458
src_King_134,src_Disaster_232
src_Organisation_129,src_Philosopher_498
src_Non-Military-Conflict_74,src_National-Symbol_415
src_Dancer_459,src_Politician_273
src_Conductor_199,src_Geographer_346
src_FuzzyTemporalInterval_251,src_Professor_99
src_Intra-State-Group_408,src_Public-Oration_458
src_Non-Military-Conflict_73,src_Role_109
src_Environment_253,src_Time-Dependent-Relation_11
src_Publisher_298,src_Dramaturge_299
src_Trades-Unionist_255,src_Musician_344
src_Actor_119,src_Geographical-Region_230
src_Cultural-Organisation_423,src_Ship_59
src_Person_41,src_Representative-Institution_2
src_Geographer_152,src_Illness_378
src_Criminal_173,src_Population-Movement_121
src_Clothing_436,src_Object_211
src_Representative-Institution_183,src_Village_466
src_Religious-Ideology_315,src_Film-Maker_267
src_Philanthropist_213,src_Meeting_438
src_Foreign-Minister_56,src_National-Symbol_428
src_Religious-Organisation_431,src_Abbey_397
src_International-Alliance_281,src_Treaty_47
src_Landmark_494,src_Business-Leader_406
src_Writing_20,src_Pastime_341
src_Publisher_346,src_Psychologist_142
src_Conceptual-Object_226,src_Landmark_389
src_Professor_338,src_Astronaut_201
src_League_102,src_Writing_348
src_Crime_24,src_Abbey_377
src_Water_220,src_Trades-Unionist_383
src_Geographical-Discovery_75,src_Masonic-Lodge_452
src_Musician_64,src_Religious-Community_185
src_Philanthropist_346,src_Dancer_101
src_Prince_102,src_Person_166
src_Clerical-Leader_484,src_Economic-Organisation_463
src_Symbol_276,src_Geographical-Feature_116
src_Abbey_20,src_Ethnic-Group_460
src_Artistic-Style_461,src_Scandal_317
src_Structure_232,src_Movement_263
src_Religious-Ideology_66,src_Theologian_270
src_Religious-Symbol_63,src_Event_106
src_Conceptual-Object_128,src_Business-Leader_277
src_Trial_132,src_Entertainer_444
src_City_467,src_Saint_112
src_Battle_459,src_Fictional-Event_39
src_Landmark_419,src_Monastery_207
src_Legislation_93,src_Piece-of-Music_91
src_Management-Organisation_203,src_Conceptual-Object_485
src_Scientific-Instrument_258,src_Queen_373
src_Educational-Organisation_163,src_Monastery_311
src_Creator_363,src_Newspaper_88
src_Queen_39,src_Economic-Symbol_431
src_Business-Leader_25,src_Composer_311
src_Period-in-Office_155,src_Emperor_469
src_Head-of-Government_454,src_Object_408
src_Journalist_482,src_Relic_329
src_Time-Dependent_173,src_Engineer_266
src_Discoverer_377,src_Pastime_263
src_Monastery_144,src_Geographical-Feature_331
src_Church_119,src_TemporalInterval_269
src_Stereotype-Group_139,src_International-Alliance_430
src_VicodiOI_264,src_Inventor_296
src_Artefact_483,src_Other-Religious-Leader_334
src_International-Alliance_148,src_Social-Stratum_443
src_Psychologist_178,src_Church-Reformer_33
src_Non-Military-Conflict_267,src_Conceptual-Object_306
src_Commodity_231,src_Meeting_497
src_Movement_288,src_Intra-State-Group_255
src_Environment_311,src_Language_158
src_Painter_192,src_Intellectual-Movement_96
src_Time-Dependent-Relation_301,src_Board_141
src_Conductor_229,src_Philanthropist_234
src_Secular-Leader_243,src_Emperor_186
src_Event_253,src_Person-Role_335
src_Diplomat_300,src_Scandal_106
src_Treaty_82,src_Sportsman_477
src_Water_403,src_Economic-Enterprise_297
src_Trades-Unionist_452,src_Sultan_268
src_Military-Person_443,src_Cleric_285
src_Natural-Object_276,src_Pollution_227
src_Conceptual-Object_18,src_Intellectual-Movement_309
src_Ship_10,src_Event_415
src_Public-Oration_191,src_Period-in-Office_254
src_Magnate_396,src_Period_310
src_Event_122,src_Fictional-Person_165
src_Ecclesiarch_335,src_Writing_404
src_Ideology_461,src_TemporalInterval_182
src_National-Symbol_30,src_Politician_269
src_Population-Movement_146,src_Ideology_122
src_Disaster_115,src_Trades-Unionist_445
src_Illness_33,src_King_369
src_Military-Person_79,src_Sultan_498
src_Water_92,src_Entertainer_16
src_Pollution_11,src_Ritual_85
src_Country_259,src_Church_12
src_Stereotype-Group_403,src_Dramaturge_293
src_Cultural-Organisation_103,src_Economic-Organisation_213
src_Event_51,src_Social-Stratum_118
src_Period_272,src_Geographical-Region_484
src_Life-Event_254,src_King_274
src_King_314,src_Psychologist_228
src_Military-Organisation_273,src_Magnate_171
src_Cathedral_453,src_Business-Leader_248
src_Sultan_478,src_City_250
src_Food_154,src_Economic-Enterprise_378
src_Philosopher_67,src_Religious-Symbol_57
src_Diplomat_202,src_Relic_473
src_Management-Organisation_334,src_Dynasty_490
src_Other-Religious-Person_226,src_Scientist_28
src_Astronaut_272,src_Abbey_117
src_Engineer_283,src_Other-Religious-Leader_80
src_Vehicle_168,src_Theologian_397
src_Time-Dependent_173,src_Legislation_241
src_Publisher_375,src_Queen_451
src_Flavour_130,src_Other-Religious-Leader_277
src_League_319,src_Technical-Scientific-Advance_381
src_Architect_74,src_Writing_71
src_TemporalInterval_54,src_Engineer_84
src_Author_382,src_Conductor_221
src_Commodity_345,src_Clothing_494
src_Sculpture_222,src_Military-Person_18
src_Politician_295,src_Liturgical-Object_444
src_Scientist_340,src_Event_329
src_Art-Form_81,src_Political-Region_400
src_Disaster_132,src_Ethnic-Group_387
src_Artist_384,src_Piece-of-Music_195
src_Religious-Movement_408,src_Church_288
src_Flavour_92,src_Foreign-Minister_372
src_Relic_412,src_Category_266
src_Religious-Leader_498,src_Theologian_239
src_Uprising_368,src_International-Alliance_311
src_Painter_139,src_Representative-Institution_122
src_Landmark_422,src_Work-of-Art_199
src_Entertainer_305,src_Economic-Enterprise_19
src_Journalist_191,src_Natural-Object_111
src_Landmark_306,src_Magnate_399
src_Person_299,src_Dancer_215
src_Painting_68,src_Dancer_280
src_Masonic-Lodge_47,src_Governmental-Organisation_332
src_Church_218,src_Entertainer_428
src_Ritual_395,src_Geographical-Discovery_379
src_Psychologist_163,src_Pastime_235
src_Dynasty_214,src_Structure_7
src_Magnate_79,src_Conductor_220
src_Sculpture_35,src_Other-Religious-Leader_114
src_Vehicle_255,src_Art-Form_496
src_Political-Symbol_123,src_Physician_373
src_Military-Unit_497,src_Artistic-Style_461
src_Party_200,src_Queen_314
src_Intellectual-Construct_143,src_Object_320
src_Secular-Ideology_389,src_Astronaut_45
src_Jurist_394,src_Stereotype-Group_391
src_Religious-Order_44,src_Book_79
src_Location_297,src_Ideology_303
src_Educational-Organisation_206,src_Creator_348
src_Business-Leader_145,src_Intra-State-Group_398
src_Economic-Process_419,src_Board_278
src_Writing_484,src_League_29
src_Field-of-Knowledge_212,src_Military-Unit_415
src_Newspaper_480,src_Musician_403
src_City_143,src_Political-Organisation_471
src_Physician_39,src_Pastime_44
src_Philosopher_115,src_Discoverer_451
src_Political-Region_138,src_Geographer_162
src_Functionary_149,src_Legislation_42
src_Church-Reformer_455,src_Natural-Object_287
src_Church-Reformer_92,src_Symbol_291
src_Artistic-Movement_137,src_Functionary_29
src_Dancer_110,src_Idea_224
src_Object_208,src_Person_228
src_Theologian_318,src_Disease_104
src_Object_415,src_Train_190
src_Economic-Process_143,src_Management-Organisation_402
src_Political-Symbol_52,src_Religious-Leader_190
src_Leader_228,src_Other-Religious-Leader_299
src_Pollution_92,src_Village_16
src_Psychologist_131,src_Church-Reformer_448
src_Church_1,src_Geographer_290
src_Population-Movement_91,src_Treaty_141
src_Book_382,src_Cultural-Organisation_290
src_Treaty_84,src_Commodity_486
src_Queen_6,src_Military-Organisation_41
src_Newspaper_163,src_Economic-Enterprise_393
src_FuzzyTemporalInterval_482,src_Engineer_421
src_Religious-Community_241,src_Religious-Leader_289
src_Newspaper_222,src_Religious-Order_435
src_Political-Region_482,src_Fictional-Person_352
src_King_128,src_Economic-Organisation_49
src_Sculptor_136,src_Religious-Community_46
src_Professor_374,src_Trades-Union_468
src_Artefact_19,src_Landmark_355
src_Party_395,src_Piece-of-Music_159
src_Creator_312,src_Party_456
src_Dynasty_226,src_Professor_166
src_Religious-Movement_464,src_Leader_59
src_Religious-Ideology_264,src_Religious-Ideology_99
src_Religious-Practice_383,src_Measurable-Trend_70
src_Symbol_284,src_Creator_128
src_Organisation_27,src_Ecclesiarch_15
src_Masonic-Lodge_114,src_Technical-Scientific-Advance_215
src_FuzzyTemporalInterval_320,src_Non-Military-Conflict_66
src_TemporalInterval_14,src_Creator_416
src_Party_0,src_Structure_144
src_Other-Religious-Leader_56,src_Head-of-State_225
src_Creator_429,src_FuzzyTemporalInterval_6
src_Category_299,src_Person_173
src_Dynasty_375,src_Sportsman_136
src_Discoverer_408,src_Pope_124
src_Other-Religious-Leader_409,src_Treaty_345
src_Educational-Organisation_202,src_Category_476
src_Dancer_281,src_Political-Symbol_369
src_Engineer_385,src_Inventor_215
src_Economic-Enterprise_39,src_Artistic-Movement_106
src_Piece-of-Music_168,src_Natural-Object_214
src_Armament_300,src_Religious-Leader_493
src_Commodity_312,src_Uprising_391
src_Field-of-Knowledge_296,src_Election_55
src_Train_65,src_Economic-Symbol_339
src_Astronaut_289,src_Language_205
src_Theologian_418,src_Trade-Association_20
src_Ethnic-Group_195,src_TemporalInterval_138
src_Train_167,src_Geographical-Discovery_255
src_Dancer_116,src_Trades-Unionist_316
src_Monastery_72,src_International-Alliance_199
src_Landmark_4,src_Illness_411
src_Jurist_168,src_Vehicle_472
src_Flavour_75,src_Cultural-Agreement_427
src_Liturgical-Object_224,src_War_105
src_Fictional-Event_91,src_Scientist_34
src_Board_327,src_Field-of-Knowledge_65
src_Trial_165,src_National-Symbol_4
src_University_481,src_Foreign-Minister_409
src_Jurist_109,src_Symbol_4
src_Musician_435,src_Conceptual-Object_152
src_Actor_316,src_International-Organisation_493
src_Economic-Process_479,src_Queen_453
src_Food_498,src_Newspaper_258
src_Astronaut_225,src_Time-Dependent-Relation_16
src_Religious-Ideology_214,src_Party_412
src_Scientist_370,src_Religious-Movement_180
src_Water_499,src_Location_96
src_Economic-Organisation_469,src_Philosopher_470
src_King_178,src_Religious-Ideology_282
src_Life-Event_258,src_Legislation_116
src_Journalist_420,src_Natural-Object_54
src_Animal_245,src_Meeting_67
src_Religious-Order_127,src_Badge_198
src_Commodity_37,src_Political-Organisation_141
src_Movement_142,src_Political-Symbol_254
src_Disaster_451,src_Inventor_139
src_Economist_275,src_Book_254
src_Geographer_54,src_Category_220
src_Non-Military-Conflict_350,src_Measurable-Trend_378
src_Disaster_50,src_Religious-Community_163
src_Idea_324,src_Religious-Organisation_21
src_Diplomat_387,src_Jurist_444
src_Inventor_390,src_Stereotype-Group_181
src_Piece-of-Music_317,src_Clerical-Leader_195
src_Role_225,src_Illness_437
src_Trade-Association_303,src_Geographer_94
src_Scandal_82,src_Secular-Movement_487
src_Author_237,src_Engineer_31
src_Economist_173,src_Water_197
src_Sultan_167,src_Party_48
src_Meeting_420,src_Abstract-Notion_395
src_Clothing_106,src_Trial_145
src_Technical-Scientific-Advance_398,src_Fictional-Event_234
src_Psychologist_376,src_Engineer_245
src_Organisation_137,src_Ship_79
src_Crime_342,src_War_432
src_Sculptor_323,src_Period-in-Office_174
src_Economic-Organisation_403,src_Commodity_41
src_Clerical-Leader_410,src_Book_67
src_Religious-Community_171,src_Painter_237
src_Stereotype-Group_261,src_Individual_287
src_Management-Organisation_66,src_Time_331
src_Functionary_220,src_Intellectual-Movement_339
src_Secular-Ideology_176,src_TemporalInterval_477
src_Scandal_0,src_Ritual_196
src_Social-Stratum_432,src_League_117
src_Secular-Movement_30,src_Crime_33
src_Clothing_68,src_Person-Role_101
src_Sculptor_171,src_Illness_283
src_Conductor_73,src_Environment_16
src_City_98,src_Dancer_475
src_Economic-Organisation_372,src_Creator_231
src_Social-Stratum_366,src_Event_495
src_Church-Reformer_33,src_Criminal_97
src_Public-Oration_379,src_Animal_172
src_Head-of-Government_236,src_Ethnic-Group_58
src_Geographical-Region_214,src_Church_6
src_Social-Stratum_352,src_Event_357
src_Jurist_467,src_Diplomat_28
src_Conceptual-Object_310,src_FuzzyTemporalInterval_234
src_Dancer_240,src_Geographical-Feature_227
src_Artistic-Style_164,src_Architect_235
src_Representative-Institution_109,src_Armament_286
src_Political-Organisation_400,src_Military-Organisation_186
src_Field-of-Knowledge_195,src_Ideology_484
src_Leader_320,src_Fictional-Event_53
src_Ideology_383,src_Population-Movement_304
src_VicodiOI_493,src_Sculptor_381
src_Election_158,src_Secular-Leader_28
src_Cleric_242,src_Geographical-Region_319
src_Social-Stratum_356,src_Saint_10
src_Political-Symbol_459,src_Economic-Symbol_473
src_Religious-Practice_267,src_Work-of-Art_41
src_Artefact_288,src_Diplomat_277
src_Social-Stratum_439,src_Legislation_437
src_Artistic-Style_218,src_Jurist_336
src_Location_120,src_Architect_54
src_Actor_130,src_Environment_492
src_Management-Organisation_181,src_Country_264
src_King_103,src_Food_14
src_Political-Organisation_201,src_Economic-Process_373
src_Prince_386,src_Psychologist_421
src_Time-Dependent_393,src_Diplomat_325
src_Armament_224,src_Train_432
src_Economic-Enterprise_223,src_Church-Reformer_273
src_Election_157,src_TemporalInterval_479
src_Minister_282,src_Period_0
src_Geographer_1,src_Work-of-Art_146
src_Public-Oration_421,src_Object_344
src_Other-Religious-Person_116,src_Economic-Enterprise_476
src_League_107,src_Musician_54
src_Author_12,src_Category_192
src_Person_17,src_Newspaper_405
src_Philanthropist_315,src_Natural-Object_223
src_Period_465,src_Commodity_186
src_Engineer_100,src_Ecclesiarch_280
src_Inventor_323,src_Monastery_307
src_Non-Military-Conflict_402,src_Religious-Order_278
src_TemporalInterval_428,src_Population-Movement_378
src_Publisher_30,src_Ideology_142
src_Sculptor_460,src_Object_338
src_Life-Event_167,src_Ritual_45
src_Engineer_249,src_Cultural-Agreement_218
src_Physician_410,src_Pamphlet_29
src_Crime_187,src_Trial_436
src_Philanthropist_181,src_Intellectual-Construct_236
src_Military-Person_27,src_Social-Stratum_151
src_Author_414,src_Pope_327
src_Governmental-Organisation_235,src_War_284
src_Dancer_54,src_Party_248
src_Publisher_98,src_Dynasty_292
src_Ritual_364,src_Scientist_68
src_Conceptual-Object_490,src_Religious-Organisation_444
src_Pastime_105,src_Event_162
src_Artist_47,src_Category_111
src_Politician_175,src_Piece-of-Music_353
src_Military-Person_186,src_Trades-Unionist_151
src_International-Alliance_448,src_Film-Maker_393
src_Cathedral_464,src_Religious-Order_92
src_Business-Leader_321,src_Intellectual-Movement_290
src_Jurist_270,src_Settlement_103
src_Film-Maker_462,src_International-Organisation_311
src_Dynasty_481,src_Cultural-Agreement_60
src_Organisation_126,src_Religious-Leader_460
src_Party_289,src_Time-Dependent-Relation_84
src_Intellectual-Movement_344,src_Intellectual-Construct_132
src_Ritual_207,src_Secular-Ideology_142
src_Badge_79,src_Church-Reformer_419
src_Sculptor_29,src_Movement_201
src_Dynasty_263,src_Time-Dependent-Relation_8
src_Engineer_434,src_Religious-Movement_360
src_Ship_194,src_Ideology_203
src_Structure_161,src_Organisation_233
src_Ship_440,src_Creator_207
src_Country_256,src_Political-Region_270
src_Badge_51,src_Painter_134
src_Theologian_86,src_Category_255
src_Publisher_177,src_Author_476
src_Abbey_467,src_Intra-State-Group_361
src_Journalist_88,src_Sculpture_315
src_Book_252,src_Physician_423
src_Economic-Process_153,src_Scientific-Instrument_353
src_Field-of-Knowledge_366,src_Economic-Organisation_89
src_Religious-Movement_180,src_Foreign-Minister_271
src_Cultural-Agreement_321,src_City_207
src_Religious-Organisation_91,src_Military-Person_311
src_TemporalInterval_343,src_Theologian_54
src_Trial_204,src_Political-Organisation_327
src_Religious-Ideology_416,src_Artistic-Style_138
src_Economic-Process_254,src_Prince_164
src_Food_304,src_Economist_493
src_Technical-Scientific-Advance_324,src_Time-Dependent_439
src_Economist_378,src_Liturgical-Object_330
src_Role_78,src_Business-Leader_71
src_Fictional-Person_486,src_Composer_94
src_Church-Reformer_326,src_Public-Oration_44
src_Pamphlet_324,src_Other-Religious-Person_495
src_Religious-Symbol_145,src_Meeting_280
src_Theologian_192,src_Monastery_159
src_Writing_344,src_Public-Oration_302
src_Geographical-Region_46,src_Landmark_169
src_Time-Dependent_470,src_Military-Organisation_182
src_Symbol_336,src_Period_471
src_Artistic-Style_309,src_Battle_333
src_Architect_496,src_Building_204
src_League_326,src_Leader_470
src_Animal_470,src_Animal_283
src_Economic-Enterprise_95,src_Party_223
src_Village_451,src_Secular-Ideology_330
src_Religious-Community_355,src_Event_28
src_Individual_153,src_Food_124
src_Time_374,src_Intellectual-Movement_451
src_Diplomat_92,src_Trade-Association_59
src_Other-Religious-Leader_278,src_Head-of-Government_482
src_Conceptual-Object_20,src_Time-Dependent-Relation_2
src_Religious-Ideology_166,src_Representative-Institution_338
src_Theologian_343,src_Painting_119
src_Period_424,src_Creator_414
src_Time-Dependent-Relation_93,src_Artistic-Movement_65
src_Musician_232,src_Dancer_297
src_Head-of-Government_460,src_Cultural-Agreement_110
src_Trial_333,src_Cultural-Organisation_59
src_FuzzyTemporalInterval_255,src_Geographical-Region_406
src_Composer_493,src_Professor_340
src_Geographical-Discovery_221,src_Painter_14
src_War_38,src_Conceptual-Object_291
src_Symbol_101,src_Environment_62
src_Time-Dependent_156,src_FuzzyTemporalInterval_92
src_Religious-Organisation_132,src_Person-Role_371
src_Settlement_451,src_Religious-Leader_114
src_Economic-Organisation_80,src_Board_296
src_Object_11,src_Period-in-Office_225
src_Religious-Order_201,src_Other-Religious-Leader_400
src_Crime_160,src_Symbol_276
src_Ethnic-Group_443,src_Commodity_451
src_Abstract-Notion_50,src_Technical-Scientific-Advance_151
src_Social-Stratum_5,src_Functionary_356
src_Movement_187,src_Representative-Institution_210
src_Work-of-Art_258,src_Train_121
src_Public-Oration_225,src_Cathedral_420
src_Scandal_159,src_Military-Person_290
src_Other-Religious-Leader_231,src_Cultural-Organisation_464
src_Ideology_121,src_Dramaturge_123
src_Time_89,src_Sultan_471
src_Painter_298,src_Business-Leader_59
src_Engineer_122,src_Natural-Object_204
src_Writing_345,src_Composer_263
src_Psychologist_219,src_League_62
src_Management-Organisation_179,src_Functionary_35
src_Psychologist_283,src_Politician_56
src_Sportsman_342,src_Sportsman_200
src_Period-in-Office_350,src_Disease_356
src_Criminal_495,src_Flavour_150
src_Discoverer_424,src_Location_363
src_Foreign-Minister_249,src_Trades-Unionist_112
src_Actor_493,src_Person-Role_58
src_Fictional-Event_134,src_Event_442
src_Object_343,src_Time_464
src_Movement_390,src_Governmental-Organisation_117
src_Ritual_77,src_Period_317
src_Building_232,src_Conceptual-Object_23
src_Language_132,src_Writing_124
src_Publisher_186,src_Liturgical-Object_214
src_Trade-Association_38,src_Crime_449
src_Cultural-Agreement_327,src_Person-Role_437
src_Creator_360,src_City_375
src_Religious-Symbol_266,src_Clothing_454
src_Secular-Movement_85,src_Public-Oration_314
src_Cathedral_349,src_League_60
src_Religious-Movement_115,src_Scandal_326
src_Author_116,src_War_383
src_Economic-Process_274,src_Religious-Order_258
src_Newspaper_473,src_Geographical-Discovery_306
src_Jurist_342,src_Secular-Movement_377
src_Publisher_344,src_Functionary_475
src_Crime_87,src_Sculpture_9
src_Economist_94,src_Movement_487
src_Book_448,src_Technical-Scientific-Advance_494
src_Settlement_40,src_Category_329
src_Geographer_43,src_Queen_290
src_King_134,src_Diplomat_107
src_Management-Organisation_349,src_Role_204
src_Management-Organisation_478,src_Legislation_204
src_Book_463,src_Publisher_315
src_Uprising_48,src_Disease_319
src_Economic-Symbol_285,src_Ritual_355
src_Geographical-Discovery_456,src_Language_250
src_Cultural-Agreement_11,src_Military-Person_8
src_Educational-Organisation_277,src_Natural-Object_155
src_Intellectual-Construct_108,src_Religious-Organisation_405
src_Military-Organisation_114,src_Building_474
src_Vehicle_84,src_Astronaut_418
src_Badge_346,src_Commodity_168
src_Pope_68,src_Time-Dependent_182
src_Location-Part-Relation_242,src_Intellectual-Movement_32
src_Creator_358,src_Individual_325
src_Person-Role_167,src_Environment_470
src_Newspaper_187,src_Religious-Practice_2
src_Category_98,src_Geographical-Region_211
src_Saint_363,src_Philanthropist_382
src_Professor_307,src_Time_57
src_Trade-Association_53,src_Painting_483
src_Religious-Ideology_41,src_Inventor_117
src_Political-Region_362,src_Environment_305
src_Pamphlet_10,src_Prince_455
src_Economic-Enterprise_420,src_FuzzyTemporalInterval_395
src_Criminal_193,src_Pollution_180
src_Religious-Leader_20,src_Dramaturge_422
src_Non-Military-Conflict_145,src_Psychologist_352
src_Field-of-Knowledge_177,src_Non-Military-Conflict_476
src_Economic-Organisation_369,src_Measurable-Trend_444
src_Person_289,src_Artistic-Movement_499
src_Writing_100,src_Vehicle_88
src_Author_161,src_Cleric_119
src_Natural-Object_140,src_Geographer_221
src_Flavour_314,src_FuzzyTemporalInterval_131
src_Psychologist_148,src_Ethnic-Group_436
src_Non-Military-Conflict_24,src_TemporalInterval_88
src_Ideology_291,src_Movement_88
src_Management-Organisation_27,src_Professor_235
src_Author_487,src_Representative-Institution_136
src_Minister_282,src_Film-Maker_495
src_Sculptor_137,src_Party_202
src_Location_146,src_Geographical-Region_212
src_Illness_462,src_Composer_5
src_Sculpture_438,src_Economic-Organisation_113
src_Symbol_249,src_Geographer_79
src_Person-Role_417,src_Prince_74
src_Sculptor_25,src_Intra-State-Group_387
src_Liturgical-Object_261,src_Leader_194
src_Election_102,src_Period-in-Office_416
src_Governmental-Organisation_232,src_Inventor_2
src_Newspaper_96,src_Life-Event_55
src_Writing_494,src_Symbol_32
src_Train_269,src_Event_68
src_Abstract-Notion_423,src_Governmental-Organisation_144
src_Landmark_293,src_Artistic-Movement_261
src_Water_384,src_Location_273
src_Psychologist_201,src_Film-Maker_17
src_Entertainer_331,src_Secular-Leader_280
src_Trade-Association_407,src_Economist_206
src_Population-Movement_265,src_Badge_384
src_Time-Dependent_274,src_Food_331
src_Sculpture_325,src_Object_476
src_Natural-Object_316,src_Dramaturge_282
src_Trades-Union_167,src_Publisher_291
src_Structure_128,src_Queen_338
src_Inventor_220,src_Treaty_439
src_Stereotype-Group_434,src_Prince_350
src_Queen_330,src_Educational-Organisation_13
src_Creator_72,src_Legislation_160
src_Structure_418,src_Criminal_482
src_Scientific-Instrument_388,src_Business-Leader_174
src_King_447,src_Queen_193
src_Armament_482,src_Natural-Object_336
src_Non-Military-Conflict_342,src_Secular-Ideology_258
src_Work-of-Art_1,src_Cathedral_135
src_Psychologist_194,src_Period_172
src_Intellectual-Movement_291,src_Painter_490
src_Pamphlet_251,src_Village_468
src_Person_342,src_Military-Unit_281
src_Dramaturge_400,src_Dynasty_275
src_FuzzyTemporalInterval_39,src_Church-Reformer_185
src_Psychologist_431,src_Dynasty_38
src_Illness_16,src_Architect_33
src_Scientist_449,src_Pope_381
src_Religious-Ideology_499,src_Ecclesiarch_127
src_Governmental-Organisation_444,src_Church_447
src_FuzzyTemporalInterval_311,src_Intellectual-Movement_351
src_Saint_18,src_Fictional-Event_60
src_Pastime_412,src_Election_54
src_Individual_341,src_Landmark_227
src_Religious-Movement_443,src_Painter_244
src_Ecclesiarch_286,src_Architect_147
src_Trades-Unionist_332,src_Country_54
src_Pollution_136,src_Conductor_189
src_Dramaturge_278,src_Symbol_292
src_Scientific-Instrument_308,src_Economist_264
src_Person-Role_255,src_Field-of-Knowledge_96
src_Organisation_300,src_Conceptual-Object_368
src_Dynasty_10,src_Armament_72
src_Religious-Order_462,src_Church_259
src_Trades-Union_27,src_Trades-Unionist_175
src_Time-Dependent-Relation_464,src_Field-of-Knowledge_118
src_International-Alliance_299,src_Economic-Symbol_312
src_Professor_487,src_Sculptor_20
src_Scientist_38,src_Ship_113
src_Business-Leader_337,src_Actor_433
src_Field-of-Knowledge_258,src_Badge_453
src_Water_257,src_Psychologist_472
src_Political-Symbol_387,src_Disease_366
src_Board_219,src_Person_198
src_Cultural-Organisation_138,src_TemporalInterval_47
src_Professor_155,src_Work-of-Art_188
src_Environment_152,src_International-Organisation_267
src_Saint_472,src_Author_87
src_Uprising_470,src_Artist_195
src_Church-Reformer_238,src_Actor_31
src_Ritual_396,src_Country_287
src_Public-Oration_242,src_Symbol_307
src_Military-Organisation_275,src_Time_205
src_Secular-Movement_55,src_Painting_279
src_Ecclesiarch_289,src_Life-Event_248
src_Scientific-Instrument_421,src_Philanthropist_370
src_FuzzyTemporalInterval_278,src_Geographical-Discovery_462
src_Cathedral_171,src_Clerical-Leader_119
src_International-Alliance_210,src_Legislation_358
src_Military-Person_145,src_Actor_472
src_Period-in-Office_147,src_Public-Oration_382
src_Religious-Symbol_136,src_International-Organisation_209
src_Film-Maker_13,src_War_178
src_Commodity_267,src_Conductor_129
src_Economic-Enterprise_262,src_Natural-Object_194
src_Church_373,src_Social-Stratum_201
src_Crime_257,src_Trades-Union_71
src_Pastime_100,src_Psychologist_23
src_Building_440,src_Other-Religious-Person_43
src_Sportsman_229,src_Symbol_479
src_Discoverer_224,src_Public-Oration_139
src_TemporalInterval_223,src_Cathedral_317
src_Category_74,src_Criminal_308
src_Scientist_339,src_Fictional-Event_109
src_Architect_105,src_Technical-Scientific-Advance_166
src_Religious-Organisation_90,src_Secular-Movement_300
src_Piece-of-Music_272,src_Period_338
src_Idea_32,src_Conductor_365
src_Village_155,src_Functionary_177
src_Conceptual-Object_76,src_Economic-Enterprise_161
src_Measurable-Trend_114,src_National-Symbol_366
src_Author_75,src_Physician_146
src_Sculpture_495,src_Secular-Leader_36
src_Musician_4,src_Technical-Scientific-Advance_104
src_Composer_30,src_City_460
src_Life-Event_110,src_Art-Form_150
src_Movement_180,src_Minister_339
src_Writing_283,src_Relic_446
src_Object_7,src_Secular-Movement_257
src_Meeting_133,src_Scientific-Instrument_144
src_Person_25,src_Event_435
src_Food_245,src_Water_442
src_Economic-Enterprise_450,src_Church_465
src_Religious-Leader_158,src_Other-Religious-Leader_259
src_Crime_17,src_Engineer_476
src_Monastery_304,src_Military-Person_35
src_Cultural-Agreement_407,src_Journalist_81
src_Abbey_255,src_Commodity_148
src_National-Symbol_437,src_Trade-Association_404
src_Journal_94,src_Conceptual-Object_103
src_Person-Role_340,src_Geographer_74
src_Symbol_122,src_Crime_95
src_Trial_493,src_Management-Organisation_334
src_Economic-Enterprise_491,src_Building_449
src_University_388,src_Structure_43
src_Structure_27,src_Entertainer_438
src_League_118,src_Technical-Scientific-Advance_15
src_War_271,src_Flavour_395
src_Fictional-Event_205,src_Election_457
src_University_83,src_Journal_467
src_Foreign-Minister_0,src_Geographical-Feature_264
src_Secular-Leader_199,src_Disease_167
src_Political-Region_413,src_Cathedral_349
src_Liturgical-Object_441,src_FuzzyTemporalInterval_33
src_Sportsman_260,src_Professor_217
src_Landmark_360,src_Ship_245
src_Book_107,src_Technical-Scientific-Advance_212
src_Religious-Ideology_64,src_Pamphlet_422
src_Secular-Ideology_170,src_Art-Form_210
src_Religious-Community_360,src_Military-Person_206
src_Artistic-Style_2,src_Population-Movement_25
src_Geographical-Feature_411,src_Trades-Unionist_297
src_Sportsman_4,src_Geographical-Region_208
src_Period-in-Office_344,src_Politician_433
src_Discoverer_344,src_Governmental-Organisation_369
src_Journal_366,src_Cathedral_373
src_Meeting_231,src_Business-Leader_80
src_King_300,src_Cultural-Organisation_477
src_Professor_3,src_Governmental-Organisation_173
src_City_455,src_Sultan_263
src_Work-of-Art_376,src_Leader_117
src_Religious-Organisation_279,src_International-Alliance_481
src_Ethnic-Group_151,src_Person-Role_409
src_Religious-Order_21,src_Architect_372
src_Social-Group_88,src_Scandal_181
src_Intellectual-Movement_469,src_Fictional-Event_181
src_Role_445,src_Artistic-Movement_155
src_Commodity_221,src_Measurable-Trend_499
src_Disease_406,src_Journal_209
src_Intra-State-Group_43,src_Relic_498
src_Entertainer_404,src_War_425
src_Musician_341,src_Social-Group_194
src_Queen_284,src_Church-Reformer_399
src_Military-Organisation_264,src_Dynasty_129
src_Legislation_10,src_Journalist_325
src_Political-Region_30,src_Role_364
src_Disease_48,src_Scientist_130
src_Train_326,src_Geographical-Discovery_126
src_Disease_487,src_Pollution_411
src_Time-Dependent_441,src_Fictional-Event_499
src_Professor_338,src_Idea_285
src_Journalist_92,src_Building_434
src_Journal_468,src_Religious-Ideology_113
src_Artefact_286,src_Technical-Scientific-Advance_495
src_Village_288,src_Uprising_45
src_Journalist_281,src_International-Organisation_117
src_Pollution_224,src_Piece-of-Music_325
src_League_26,src_Religious-Community_376
src_Intra-State-Group_412,src_Ideology_335
src_Religious-Community_226,src_Educational-Organisation_204
src_Geographical-Feature_462,src_Artefact_437
src_Publisher_173,src_Philanthropist_287
src_Idea_125,src_Artistic-Style_327
src_Journal_283,src_Political-Symbol_150
src_Train_444,src_Social-Stratum_26
src_Cultural-Organisation_71,src_Secular-Leader_88
src_International-Alliance_102,src_Political-Organisation_33
src_Person-Role_314,src_Organisation_434
src_Time-Dependent_200,src_Saint_447
src_Trial_14,src_Trial_201
src_Conductor_220,src_Journalist_202
src_Building_345,src_Meeting_58
src_Abbey_106,src_Language_465
src_Object_141,src_Structure_264
src_Ethnic-Group_302,src_Category_191
src_Location-Part-Relation_303,src_International-Alliance_464
src_Church_174,src_Magnate_449
src_Journal_66,src_Painting_360
src_Ethnic-Group_163,src_Vehicle_76
src_Battle_127,src_Other-Religious-Person_224
src_Engineer_449,src_Philanthropist_320
src_National-Symbol_400,src_Food_160
src_Artistic-Movement_317,src_Public-Oration_333
src_Pamphlet_102,src_Flavour_335
src_Symbol_109,src_Liturgical-Object_477
src_Measurable-Trend_29,src_Jurist_289
src_Category_239,src_Theologian_63
src_Intellectual-Movement_320,src_International-Alliance_485
src_Meeting_375,src_Pollution_478
src_Economic-Symbol_143,src_Sculptor_323
src_Person_424,src_TemporalInterval_43
src_Environment_131,src_Entertainer_447
src_Head-of-Government_51,src_Board_174
src_National-Symbol_138,src_Person-Role_275
src_Settlement_37,src_Ecclesiarch_385
src_Ecclesiarch_465,src_Location_281
src_Building_27,src_Church_450
src_Party_435,src_Religious-Movement_410
src_Technical-Scientific-Advance_234,src_Public-Oration_61
src_Musician_129,src_Dynasty_231
src_Flavour_138,src_Social-Stratum_224
src_Dynasty_274,src_Artistic-Movement_39
src_Artefact_140,src_National-Symbol_177
src_Settlement_250,src_Trial_231
src_Abbey_314,src_Monastery_366
src_Film-Maker_116,src_Criminal_308
src_Trial_163,src_Ecclesiarch_323
src_Cultural-Agreement_337,src_Church-Reformer_312
src_Symbol_57,src_Minister_214
src_Journalist_352,src_Trades-Unionist_213
src_National-Symbol_356,src_Stereotype-Group_66
src_Artefact_242,src_Astronaut_259
src_Business-Leader_94,src_Disaster_365
src_Military-Organisation_61,src_Church-Reformer_42
src_Crime_403,src_Secular-Leader_214
src_Battle_283,src_Intra-State-Group_197
src_Cultural-Agreement_220,src_Military-Unit_226
src_Economist_177,src_Emperor_476
src_Educational-Organisation_305,src_Sultan_318
src_Publisher_382,src_Abstract-Notion_274
src_Ship_489,src_Role_279
src_Astronaut_19,src_Dynasty_335
src_Economic-Process_294,src_University_464
src_Fictional-Event_462,src_Newspaper_199
src_Relic_99,src_Musician_411
src_Military-Organisation_393,src_Church_412
src_Train_24,src_Environment_72
src_Inventor_2,src_Symbol_171
src_Abstract-Notion_149,src_Structure_475
src_Animal_86,src_Armament_476
src_Pastime_52,src_Political-Region_6
src_Sculptor_255,src_Geographer_273
src_Sportsman_418,src_Secular-Movement_297
src_Scientist_228,src_National-Symbol_226
src_Film-Maker_427,src_Disease_79
src_Philanthropist_9,src_Flavour_247
src_Trades-Unionist_116,src_Badge_375
src_Pope_369,src_Flavour_172
src_Trial_490,src_Food_416
src_Idea_50,src_Jurist_460
src_Intra-State-Group_10,src_Period-in-Office_436
src_Technical-Scientific-Advance_189,src_Cultural-Organisation_10
src_Animal_496,src_Pamphlet_369
src_Secular-Ideology_472,src_FuzzyTemporalInterval_230
