src_Scientist_373,src_Disease_115
src_National-Symbol_16,src_FuzzyTemporalInterval_443
src_Management-Organisation_497,src_Language_55
src_Prince_101,src_Leader_198
src_Discoverer_316,src_Abbey_161
src_Inventor_483,src_Artist_225
src_Sultan_64,src_Political-Region_470
src_Commodity_47,src_Religious-Movement_308
src_Religious-Order_281,src_Individual_385
src_TemporalInterval_459,src_Astronaut_147
src_Period-in-Office_76,src_Religious-Symbol_225
src_Entertainer_236,src_Time-Dependent-Relation_277
src_Pope_322,src_Representative-Institution_84
src_National-Symbol_386,src_Disaster_486
src_Object_0,src_Badge_494
src_Foreign-Minister_72,src_Idea_401
src_Scandal_227,src_Publisher_451
src_Time_26,src_War_418
src_VicodiOI_3,src_Religious-Movement_324
src_Intellectual-Movement_397,src_VicodiOI_393
src_Cathedral_213,src_Geographical-Discovery_241
src_Pope_263,src_Geographical-Feature_212
src_Leader_350,src_Business-Leader_263
src_Other-Religious-Leader_77,src_Leader_377
src_Pope_179,src_Structure_132
src_Engineer_194,src_Architect_105
src_Head-of-Government_84,src_Measurable-Trend_478
src_Natural-Object_431,src_Time-Dependent_205
src_Religious-Community_96,src_Engineer_283
src_Disease_251,src_Settlement_304
src_Film-Maker_313,src_Crime_55
src_International-Alliance_382,src_Political-Symbol_458
src_Population-Movement_469,src_Period-in-Office_199
src_Economic-Enterprise_355,src_Location_483
src_Other-Religious-Leader_169,src_Badge_272
src_Artistic-Movement_39,src_National-Symbol_334
src_Ideology_467,src_Period_42
src_Physician_157,src_Location-Part-Relation_357
src_Location_341,src_Geographical-Region_373
src_Conceptual-Object_70,src_Armament_327
src_Village_342,src_Landmark_154
src_Military-Organisation_456,src_University_484
src_Book_349,src_Time-Dependent-Relation_26
src_Other-Religious-Leader_161,src_Life-Event_319
src_Dramaturge_58,src_Cathedral_237
src_Board_435,src_Badge_476
src_Individual_50,src_Head-of-Government_380
src_Building_46,src_Artistic-Style_474
src_Flavour_308,src_Technical-Scientific-Advance_376
src_Treaty_458,src_Church_198
src_Structure_101,src_Time-Dependent-Relation_352
src_Astronaut_296,src_Emperor_125
src_Artist_237,src_Psychologist_494
src_Trial_102,src_Ideology_361
src_Idea_352,src_Entertainer_262
src_Professor_26,src_Physician_179
src_Location-Part-Relation_225,src_Structure_441
src_Actor_245,src_Ritual_238
src_Art-Form_95,src_Location-Part-Relation_54
src_Abstract-Notion_245,src_Economic-Organisation_99
src_Painter_396,src_King_60
src_Time_21,src_Publisher_31
src_Abbey_392,src_Newspaper_134
src_Queen_9,src_Person-Role_155
src_Diplomat_344,src_Event_369
src_Piece-of-Music_148,src_Meeting_395
src_Artistic-Style_41,src_Actor_285
src_Art-Form_92,src_Cleric_238
src_Economic-Symbol_203,src_Location-Part-Relation_131
src_Foreign-Minister_466,src_TemporalInterval_86
src_Film-Maker_200,src_Governmental-Organisation_179
src_Clerical-Leader_372,src_Abbey_254
src_Religious-Order_437,src_Economist_276
src_Sportsman_336,src_VicodiOI_255
src_Art-Form_397,src_Economic-Enterprise_43
src_Abstract-Notion_240,src_Social-Stratum_369
src_Relic_363,src_Ritual_47
src_Crime_146,src_Composer_364
src_Object_30,src_Sultan_395
src_Armament_15,src_Religious-Order_435
src_Monastery_80,src_Religious-Ideology_14
src_Intellectual-Construct_461,src_Artistic-Movement_494
src_Minister_29,src_Economic-Process_193
src_Cleric_342,src_Military-Unit_453
src_University_35,src_Writing_184
src_Geographical-Discovery_372,src_Non-Military-Conflict_254
src_Inventor_33,src_Abbey_205
src_Period_257,src_Trades-Union_79
src_Object_382,src_Religious-Ideology_474
src_Role_226,src_Art-Form_297
src_Discoverer_120,src_Language_452
src_Commodity_110,src_Art-Form_193
src_Ideology_59,src_Language_254
src_Actor_341,src_Non-Military-Conflict_146
src_Religious-Community_413,src_Organisation_425
src_Leader_291,src_Economic-Process_277
src_Ecclesiarch_201,src_Flavour_454
src_Period_252,src_Dynasty_343
src_International-Alliance_230,src_Trades-Union_78
src_Prince_483,src_Artefact_246
src_Artistic-Movement_99,src_Time_321
src_Church-Reformer_85,src_Economic-Process_8
src_Party_150,src_Symbol_267
src_Settlement_400,src_Economic-Enterprise_377
src_Military-Unit_371,src_Cathedral_406
src_Object_119,src_Settlement_485
src_Composer_172,src_Church-Reformer_204
src_Church-Reformer_478,src_Religious-Community_183
src_Armament_275,src_Work-of-Art_317
src_Secular-Movement_460,src_Art-Form_147
src_Structure_177,src_Philosopher_227
src_Secular-Leader_421,src_Artefact_417
src_Diplomat_463,src_Head-of-Government_192
src_Intellectual-Movement_58,src_Painter_267
src_Economic-Process_264,src_Discoverer_127
src_Military-Unit_242,src_Event_165
src_Election_440,src_Cultural-Organisation_422
src_Economist_249,src_Cultural-Organisation_284
src_Conductor_32,src_King_69
src_Professor_118,src_Clerical-Leader_98
src_Population-Movement_93,src_Settlement_85
src_Pastime_362,src_Ritual_208
src_Minister_116,src_Abstract-Notion_49
src_Queen_384,src_Technical-Scientific-Advance_312
src_Time-Dependent_364,src_Field-of-Knowledge_0
src_Scandal_396,src_Painter_166
src_Political-Symbol_65,src_Badge_137
src_Individual_207,src_Relic_107
src_Cultural-Organisation_89,src_Military-Unit_61
src_Geographical-Feature_459,src_Art-Form_172
src_Architect_99,src_Armament_420
src_Person_324,src_Trade-Association_191
src_Criminal_481,src_Party_139
src_Building_207,src_Criminal_314
src_Religious-Order_371,src_Liturgical-Object_375
src_Artistic-Movement_443,src_Professor_169
src_Illness_491,src_Pamphlet_372
src_Secular-Ideology_388,src_Military-Person_36
src_Journal_309,src_Life-Event_478
src_Political-Symbol_102,src_Religious-Order_395
src_Clerical-Leader_54,src_War_155
src_Ship_80,src_Management-Organisation_419
src_War_482,src_Pollution_63
src_VicodiOI_63,src_Movement_271
src_Artist_247,src_Cultural-Agreement_458
src_Composer_58,src_Conceptual-Object_72
src_Governmental-Organisation_466,src_Field-of-Knowledge_101
src_Event_413,src_Treaty_287
src_Language_271,src_Train_53
src_Category_364,src_Masonic-Lodge_206
src_Intra-State-Group_274,src_Liturgical-Object_465
src_Philanthropist_174,src_Queen_75
src_Head-of-State_318,src_Publisher_447
src_Composer_436,src_Political-Symbol_203
src_Intellectual-Construct_130,src_Intra-State-Group_151
src_Cleric_66,src_Role_487
src_Politician_140,src_Queen_39
src_Trades-Union_130,src_Cultural-Organisation_355
src_Astronaut_292,src_Political-Organisation_397
src_Artist_58,src_Settlement_333
src_Political-Organisation_363,src_Social-Group_52
src_International-Organisation_283,src_Scientific-Instrument_478
src_Leader_337,src_Economic-Process_370
src_Psychologist_440,src_Measurable-Trend_84
src_Social-Group_453,src_Secular-Movement_350
src_Pamphlet_327,src_Physician_328
src_Relic_30,src_Foreign-Minister_151
src_Theologian_324,src_Conceptual-Object_210
src_Category_338,src_Time-Dependent_71
src_Geographical-Discovery_319,src_Secular-Leader_488
src_Event_240,src_Field-of-Knowledge_141
src_Landmark_480,src_Piece-of-Music_82
src_Fictional-Person_387,src_Train_390
src_Intra-State-Group_263,src_Ideology_472
src_Actor_46,src_Architect_487
src_Artefact_79,src_Location-Part-Relation_197
src_Location_267,src_Journalist_477
src_Military-Person_432,src_Ideology_133
src_Economic-Symbol_146,src_Intra-State-Group_275
src_Relic_302,src_Foreign-Minister_260
src_Liturgical-Object_96,src_Movement_12
src_Social-Stratum_297,src_Object_417
src_Monastery_375,src_Non-Military-Conflict_446
src_Building_437,src_Saint_191
src_Geographer_442,src_Physician_51
src_Technical-Scientific-Advance_265,src_Treaty_335
src_Architect_451,src_Pastime_86
src_Country_314,src_Organisation_87
src_Leader_430,src_Saint_426
src_Psychologist_126,src_Trades-Union_147
src_Landmark_405,src_Badge_466
src_Ideology_195,src_International-Alliance_492
src_Election_39,src_Social-Group_467
src_Author_347,src_Political-Region_291
src_Village_195,src_Politician_29
src_Saint_359,src_Idea_394
src_Philanthropist_488,src_Uprising_257
src_Vehicle_478,src_Prince_79
src_Economist_488,src_Cultural-Agreement_364
src_Economic-Enterprise_320,src_Time-Dependent_203
src_Religious-Symbol_495,src_Crime_66
src_Dynasty_413,src_Crime_452
src_Organisation_46,src_Field-of-Knowledge_116
src_Military-Organisation_373,src_Legislation_494
src_Religious-Community_206,src_Dramaturge_354
src_Writing_288,src_Period_389
src_Trades-Unionist_244,src_Astronaut_44
src_Treaty_17,src_Building_281
src_Geographical-Discovery_133,src_Person_333
src_Fictional-Person_48,src_Ideology_120
src_Jurist_260,src_Sculpture_475
src_Masonic-Lodge_474,src_Time_319
src_Theologian_289,src_Philanthropist_167
src_Fictional-Person_401,src_Physician_432
src_Person_141,src_Food_307
src_Vehicle_338,src_Artist_257
src_Author_273,src_Trades-Unionist_110
src_Religious-Leader_132,src_Composer_159
src_Military-Person_126,src_Religious-Community_65
src_Intellectual-Movement_240,src_Category_388
src_Idea_143,src_Party_430
src_War_488,src_Publisher_133
src_National-Symbol_492,src_Governmental-Organisation_427
src_Composer_310,src_Time-Dependent_279
src_Person-Role_499,src_Structure_363
src_Head-of-Government_216,src_Engineer_302
src_City_271,src_Symbol_284
src_Author_340,src_Economic-Symbol_413
src_Musician_446,src_Psychologist_249
src_Geographical-Discovery_107,src_Language_223
src_Treaty_408,src_Management-Organisation_445
src_Philosopher_58,src_Legislation_421
src_Period_19,src_Monastery_42
src_University_486,src_Religious-Symbol_460
src_Sculptor_362,src_Social-Stratum_483
src_Minister_257,src_Ecclesiarch_435
src_Religious-Order_244,src_Physician_2
src_Water_8,src_Geographical-Region_267
src_Military-Organisation_25,src_Event_78
src_Object_438,src_Life-Event_448
src_Organisation_17,src_Fictional-Person_333
src_Painter_459,src_Religious-Practice_122
src_Election_81,src_Architect_342
src_Political-Symbol_44,src_City_17
src_Inventor_79,src_Individual_383
src_Landmark_291,src_Writing_256
src_Time-Dependent_391,src_Train_132
src_Publisher_426,src_Meeting_219
src_Intellectual-Movement_266,src_Functionary_206
src_Disaster_226,src_Disease_12
src_Religious-Ideology_463,src_Geographical-Discovery_377
src_Politician_141,src_Journal_108
src_International-Organisation_14,src_Sculpture_38
src_Train_481,src_Philosopher_67
src_Object_270,src_Dynasty_401
src_Scientific-Instrument_409,src_Physician_31
src_Diplomat_208,src_Economic-Process_171
src_Monastery_473,src_Time_185
src_Intra-State-Group_481,src_Trial_468
src_Treaty_163,src_Secular-Ideology_200
src_Time_222,src_Commodity_214
src_Intra-State-Group_366,src_Animal_227
src_Disease_110,src_Military-Unit_147
src_Leader_287,src_FuzzyTemporalInterval_367
src_Party_121,src_Individual_459
src_Ideology_141,src_Author_333
src_Politician_197,src_Prince_431
src_Disaster_203,src_Geographical-Region_76
src_Actor_329,src_Leader_50
src_Engineer_114,src_Object_137
src_Clerical-Leader_76,src_Scientist_388
src_Religious-Movement_182,src_Category_416
src_Actor_40,src_Disease_405
src_Foreign-Minister_77,src_Inventor_82
src_Church-Reformer_345,src_Animal_386
src_FuzzyTemporalInterval_209,src_Work-of-Art_253
src_Natural-Object_24,src_Social-Group_416
src_Professor_376,src_Cultural-Agreement_472
src_Ethnic-Group_3,src_Professor_451
src_Head-of-State_188,src_Theologian_53
src_Relic_61,src_Secular-Leader_51
src_Geographical-Region_18,src_Scandal_285
src_Magnate_440,src_Educational-Organisation_189
src_Writing_376,src_Writing_282
src_Idea_368,src_Uprising_151
src_Category_205,src_Geographical-Feature_317
src_Idea_46,src_Economic-Organisation_31
src_International-Organisation_297,src_Population-Movement_56
src_International-Alliance_464,src_Queen_448
src_Other-Religious-Person_256,src_Military-Person_176
src_Piece-of-Music_262,src_City_308
src_Ecclesiarch_101,src_Head-of-State_487
src_Journalist_268,src_Population-Movement_323
src_Religious-Community_140,src_Military-Organisation_387
src_Person_331,src_Ethnic-Group_290
src_Stereotype-Group_219,src_Representative-Institution_405
src_Religious-Community_394,src_Religious-Leader_96
src_Secular-Movement_262,src_Election_11
src_Geographical-Discovery_375,src_International-Organisation_300
src_Animal_168,src_Economist_402
src_Magnate_312,src_Trial_39
src_Monastery_483,src_Role_151
src_Event_178,src_Conductor_34
src_Landmark_155,src_Public-Oration_1
src_Animal_141,src_Cathedral_106
src_Sultan_313,src_Food_61
src_Symbol_215,src_Clerical-Leader_339
src_Trade-Association_384,src_Vehicle_296
src_Ritual_4,src_Vehicle_161
src_Stereotype-Group_87,src_Election_353
src_Geographical-Feature_421,src_Psychologist_37
src_Secular-Ideology_340,src_Scandal_188
src_University_115,src_Animal_124
src_Publisher_293,src_Sculpture_499
src_Person_310,src_Period-in-Office_58
src_Period-in-Office_306,src_Water_176
src_Political-Region_264,src_Period_292
src_Trades-Union_475,src_Economic-Symbol_472
src_Monastery_425,src_Queen_402
src_Sculpture_320,src_Landmark_1
src_Natural-Object_207,src_Intellectual-Construct_269
src_Party_293,src_Ethnic-Group_52
src_Pastime_329,src_Geographical-Feature_177
src_Politician_466,src_Vehicle_327
src_Time_389,src_Movement_300
src_Pollution_129,src_Composer_216
src_Sculpture_483,src_Relic_65
src_Emperor_204,src_Social-Group_444
src_Movement_161,src_Political-Organisation_413
src_Governmental-Organisation_486,src_Crime_181
src_Environment_407,src_Piece-of-Music_441
src_Economic-Symbol_371,src_Fictional-Person_372
src_Battle_162,src_Magnate_25
src_Period-in-Office_202,src_Pamphlet_247
src_Cultural-Agreement_462,src_Painting_381
src_Inventor_420,src_Economic-Symbol_154
src_Engineer_229,src_Sculpture_368
src_Structure_256,src_Representative-Institution_25
src_Abstract-Notion_487,src_Diplomat_52
src_Board_178,src_Representative-Institution_221
src_Artefact_38,src_Illness_15
src_Cultural-Agreement_465,src_Representative-Institution_450
src_Population-Movement_26,src_Magnate_312
src_Clerical-Leader_355,src_War_223
src_Ritual_88,src_Film-Maker_34
src_Jurist_138,src_Emperor_133
src_Treaty_167,src_Leader_119
src_Sportsman_170,src_Military-Person_386
src_Animal_19,src_Foreign-Minister_154
src_Author_371,src_Field-of-Knowledge_431
src_Religious-Practice_67,src_Time-Dependent_377
src_Geographer_34,src_Liturgical-Object_390
src_Creator_132,src_Newspaper_443
src_Life-Event_429,src_Economic-Symbol_349
src_Fictional-Event_291,src_Conceptual-Object_395
src_Meeting_377,src_Conductor_404
src_Time-Dependent-Relation_352,src_Symbol_262
src_Astronaut_284,src_Religious-Symbol_310
src_Flavour_61,src_Abstract-Notion_136
src_Discoverer_173,src_Magnate_100
src_Monastery_387,src_Trades-Union_447
src_Geographical-Feature_44,src_Scandal_0
src_Intellectual-Construct_141,src_Sculpture_466
src_Leader_84,src_Governmental-Organisation_198
src_Composer_426,src_Saint_235
src_Intellectual-Movement_452,src_Church-Reformer_438
src_Symbol_469,src_Film-Maker_161
src_Sculptor_67,src_Geographer_240
src_Religious-Symbol_144,src_Artistic-Style_246
src_Functionary_457,src_Religious-Leader_374
src_Badge_202,src_Crime_449
src_Period_382,src_Church_265
src_Conceptual-Object_435,src_Painter_65
src_Ecclesiarch_242,src_Flavour_464
src_Film-Maker_429,src_Economic-Enterprise_144
src_Technical-Scientific-Advance_249,src_Flavour_467
src_Head-of-State_159,src_Ship_172
src_Object_178,src_Armament_404
src_Stereotype-Group_143,src_University_97
src_Pamphlet_25,src_Intellectual-Movement_445
src_Physician_205,src_Armament_400
src_Ethnic-Group_451,src_Role_423
src_Natural-Object_95,src_Musician_461
src_Trades-Unionist_50,src_Social-Group_492
src_Military-Organisation_340,src_Village_257
src_Uprising_467,src_Ethnic-Group_102
src_Artist_443,src_Prince_328
src_Time-Dependent_106,src_Head-of-Government_365
src_Geographer_150,src_Astronaut_20
src_Dynasty_338,src_Geographical-Region_328
src_Business-Leader_146,src_Geographical-Discovery_388
src_Inventor_359,src_Discoverer_436
src_Food_435,src_Saint_261
src_Military-Person_293,src_Location-Part-Relation_71
src_Cultural-Organisation_226,src_Board_200
src_Journal_457,src_Geographical-Feature_233
src_Abbey_436,src_Food_169
src_Sculpture_496,src_Military-Person_78
src_Actor_54,src_Badge_109
src_Illness_452,src_Pope_50
src_Queen_212,src_Intra-State-Group_429
src_Economic-Symbol_460,src_Scientist_403
src_Head-of-State_496,src_Military-Person_36
src_Entertainer_57,src_Disaster_431
src_Prince_310,src_Uprising_452
src_Magnate_73,src_Clerical-Leader_370
src_Creator_439,src_Diplomat_356
src_Geographical-Region_461,src_Artistic-Style_155
src_Badge_288,src_Object_351
src_Religious-Symbol_192,src_Pope_391
src_Author_225,src_Jurist_403
src_Public-Oration_475,src_Other-Religious-Person_356
src_Governmental-Organisation_204,src_Military-Unit_119
src_Theologian_496,src_Film-Maker_336
src_National-Symbol_5,src_Person-Role_193
src_Dynasty_157,src_Representative-Institution_150
src_National-Symbol_298,src_Water_24
src_Non-Military-Conflict_292,src_University_307
src_Political-Region_438,src_Engineer_51
src_Structure_254,src_Creator_450
src_Book_55,src_Time-Dependent_239
src_Secular-Leader_90,src_Settlement_271
src_Ideology_421,src_Secular-Movement_340
src_Cleric_41,src_Governmental-Organisation_332
src_International-Alliance_274,src_Clothing_252
src_Movement_93,src_Ecclesiarch_74
src_Non-Military-Conflict_313,src_Time_278
src_Uprising_151,src_Sculptor_133
src_Journal_125,src_Symbol_256
src_Ship_303,src_Measurable-Trend_243
src_Uprising_353,src_Masonic-Lodge_30
src_War_336,src_Event_397
src_King_160,src_Dynasty_336
src_Trade-Association_238,src_Management-Organisation_45
src_Newspaper_64,src_Water_234
src_Minister_2,src_Time-Dependent-Relation_288
src_Technical-Scientific-Advance_180,src_Environment_411
src_Location-Part-Relation_270,src_Trades-Union_401
src_Social-Group_411,src_Artefact_217
src_Ecclesiarch_87,src_National-Symbol_432
src_Other-Religious-Person_68,src_Political-Organisation_422
src_Ecclesiarch_368,src_Political-Organisation_203
src_Church_258,src_Period_238
src_Foreign-Minister_346,src_Symbol_428
src_Trial_31,src_Religious-Order_274
src_League_288,src_War_492
src_Magnate_166,src_Meeting_102
src_Commodity_310,src_Discoverer_357
src_Time-Dependent-Relation_398,src_Scientific-Instrument_143
src_Discoverer_359,src_Musician_161
src_King_43,src_Trade-Association_382
src_Scandal_333,src_Geographer_212
src_Animal_378,src_Entertainer_34
src_Board_437,src_Intellectual-Construct_106
src_Newspaper_174,src_Governmental-Organisation_229
src_Magnate_264,src_Social-Group_465
src_Intellectual-Movement_87,src_Commodity_396
src_Time-Dependent-Relation_95,src_Movement_394
src_Military-Unit_115,src_Structure_305
src_Philosopher_376,src_Relic_189
src_Jurist_25,src_Fictional-Person_396
src_Journalist_388,src_Social-Group_360
src_Criminal_80,src_Ritual_395
src_Social-Group_355,src_Trades-Union_276
src_Theologian_310,src_Water_367
src_Scandal_479,src_Trades-Union_87
src_Pastime_367,src_Governmental-Organisation_101
src_Economic-Enterprise_102,src_Political-Region_222
src_League_388,src_Dancer_486
src_City_34,src_Dramaturge_264
src_Dynasty_418,src_Settlement_150
src_Meeting_112,src_Religious-Symbol_273
src_Business-Leader_187,src_Religious-Ideology_118
src_Journal_368,src_Actor_476
src_Creator_53,src_Artistic-Style_393
src_Food_389,src_Church-Reformer_84
src_Badge_176,src_Work-of-Art_306
src_Political-Organisation_447,src_Monastery_226
src_Political-Region_190,src_Monastery_359
src_Leader_218,src_Publisher_289
src_Village_218,src_Relic_295
src_Emperor_77,src_University_428
src_Vehicle_87,src_Population-Movement_397
src_Life-Event_54,src_Pope_403
src_Trades-Union_471,src_Secular-Leader_370
src_Party_454,src_Natural-Object_193
src_Discoverer_207,src_Building_479
src_Ritual_139,src_Functionary_83
src_Measurable-Trend_127,src_Artist_404
src_Legislation_123,src_Saint_487
src_Environment_368,src_Artistic-Style_249
src_King_172,src_Illness_458
src_Election_323,src_Religious-Order_468
src_Saint_344,src_Philosopher_430
src_Religious-Practice_188,src_Author_184
src_Water_363,src_Settlement_256
src_Church_402,src_Food_207
src_Painting_2,src_Psychologist_154
src_War_184,src_International-Alliance_369
src_Secular-Ideology_0,src_War_241
src_Dramaturge_143,src_Board_166
src_Geographical-Region_388,src_Period-in-Office_180
src_Vehicle_340,src_Military-Person_336
src_Masonic-Lodge_196,src_Cultural-Agreement_263
src_Non-Military-Conflict_132,src_Church_2
src_Non-Military-Conflict_221,src_Prince_424
src_Philanthropist_95,src_Pope_353
src_Crime_94,src_Economic-Enterprise_253
src_Non-Military-Conflict_223,src_Military-Unit_434
src_Geographical-Discovery_108,src_Location_412
src_Philosopher_228,src_Ship_177
src_Relic_312,src_Sculptor_117
src_Military-Unit_219,src_Professor_243
src_Saint_185,src_Election_418
src_Geographer_329,src_Pastime_177
src_Entertainer_5,src_Intra-State-Group_490
src_Economist_99,src_Religious-Order_67
src_League_333,src_Social-Stratum_413
src_Settlement_89,src_Country_337
src_Entertainer_8,src_Vehicle_225
src_Intra-State-Group_29,src_University_472
src_Religious-Order_54,src_Actor_416
src_Organisation_34,src_Ecclesiarch_245
src_Secular-Leader_86,src_Military-Unit_387
src_Ecclesiarch_31,src_Ideology_432
src_Military-Person_70,src_International-Organisation_4
src_Battle_84,src_Period-in-Office_6
src_Sculpture_411,src_Legislation_140
src_Building_445,src_Crime_332
src_Piece-of-Music_216,src_Dramaturge_129
src_Language_431,src_Life-Event_305
src_Commodity_37,src_Population-Movement_12
src_Illness_240,src_Clothing_151
src_Ritual_413,src_Flavour_44
src_Social-Group_291,src_Intellectual-Construct_458
src_Scientist_54,src_Engineer_277
src_Liturgical-Object_395,src_Badge_127
src_Food_102,src_Architect_142
src_International-Alliance_151,src_Disease_245
src_Conceptual-Object_225,src_Measurable-Trend_143
src_Individual_497,src_Life-Event_55
src_Disease_7,src_National-Symbol_486
src_Public-Oration_140,src_Sultan_463
src_Non-Military-Conflict_445,src_Minister_249
src_Religious-Organisation_367,src_Symbol_492
src_Food_192,src_Non-Military-Conflict_474
src_Artist_314,src_Monastery_109
src_Queen_235,src_Philanthropist_285
src_Election_177,src_City_400
src_Prince_264,src_Entertainer_294
src_Artistic-Movement_222,src_Philanthropist_439
src_League_387,src_Church-Reformer_316
src_Sculptor_314,src_Political-Symbol_233
src_Settlement_308,src_Technical-Scientific-Advance_278
src_Armament_216,src_International-Organisation_49
src_Flavour_19,src_Armament_480
src_Intellectual-Construct_338,src_Scientist_77
src_National-Symbol_211,src_Food_463
src_Prince_377,src_Painter_233
src_Ethnic-Group_229,src_Piece-of-Music_4
src_Object_418,src_Landmark_293
src_Vehicle_328,src_Sportsman_285
src_Foreign-Minister_105,src_Church_405
src_War_480,src_Field-of-Knowledge_344
src_Cultural-Agreement_268,src_Book_192
src_Political-Organisation_125,src_Other-Religious-Person_373
src_Disaster_366,src_Piece-of-Music_212
src_Professor_338,src_Trades-Union_0
src_Time-Dependent-Relation_493,src_Secular-Ideology_132
src_Queen_16,src_Composer_56
src_Location_34,src_Artistic-Movement_442
src_Life-Event_219,src_Technical-Scientific-Advance_256
src_Dynasty_81,src_Scientist_452
src_Religious-Ideology_65,src_Military-Unit_129
src_Politician_87,src_Discoverer_70
src_Secular-Leader_8,src_International-Alliance_198
src_Symbol_330,src_Category_330
src_Foreign-Minister_310,src_Building_182
src_War_277,src_Location-Part-Relation_138
src_Inventor_39,src_Representative-Institution_277
src_Religious-Community_350,src_Journalist_201
src_Time_456,src_National-Symbol_83
src_Masonic-Lodge_298,src_Publisher_446
src_Criminal_401,src_Religious-Community_123
src_Disaster_201,src_Head-of-Government_410
src_Discoverer_320,src_Foreign-Minister_124
src_Scientist_408,src_FuzzyTemporalInterval_194
src_Philanthropist_490,src_Governmental-Organisation_95
src_International-Alliance_460,src_Board_175
src_Flavour_34,src_Environment_438
src_Religious-Order_38,src_Time_8
src_Environment_261,src_Organisation_418
src_City_294,src_Author_42
src_Secular-Leader_42,src_Church_409
src_FuzzyTemporalInterval_358,src_Political-Organisation_403
src_Crime_110,src_Animal_348
src_Journal_458,src_Entertainer_454
src_Religious-Symbol_58,src_FuzzyTemporalInterval_206
src_Political-Symbol_95,src_Symbol_148
src_Cleric_73,src_Journal_107
src_Economic-Enterprise_410,src_Sportsman_345
src_Geographer_77,src_Dynasty_374
src_Religious-Leader_395,src_Animal_363
src_Conceptual-Object_395,src_Location-Part-Relation_339
src_Structure_172,src_Intra-State-Group_138
src_Conceptual-Object_118,src_Legislation_336
src_Individual_105,src_Pope_449
src_Journalist_129,src_Journalist_411
src_Piece-of-Music_91,src_Board_483
src_Trades-Unionist_129,src_Period_358
src_Trades-Union_203,src_Religious-Leader_123
src_Artist_138,src_Economic-Organisation_54
src_Entertainer_82,src_Foreign-Minister_311
src_Scientist_195,src_Category_228
src_Ethnic-Group_244,src_Role_365
src_Sculptor_457,src_Board_146
src_Category_407,src_Battle_12
src_Other-Religious-Person_182,src_Individual_238
src_Economic-Enterprise_2,src_Disaster_476
src_Church_483,src_Intra-State-Group_249
src_Psychologist_160,src_Role_229
src_Secular-Movement_164,src_Psychologist_497
src_Economic-Enterprise_464,src_Painter_51
src_University_396,src_Representative-Institution_123
src_Writing_481,src_Journal_364
src_Social-Stratum_235,src_Sculptor_26
src_Saint_385,src_Author_12
src_Clerical-Leader_246,src_Painter_329
src_Book_151,src_Location-Part-Relation_204
src_Leader_355,src_Business-Leader_256
src_Intellectual-Movement_414,src_Object_227
src_Criminal_183,src_Ecclesiarch_487
src_Intra-State-Group_413,src_Category_440
src_Settlement_401,src_Vehicle_193
src_Illness_450,src_Time-Dependent_281
src_Author_6,src_Inventor_334
src_Scandal_485,src_Trades-Union_360
src_Artistic-Movement_149,src_Village_48
src_Governmental-Organisation_253,src_Newspaper_49
src_Train_294,src_Trade-Association_345
src_Pollution_303,src_Ideology_278
src_Psychologist_356,src_Armament_471
src_Natural-Object_435,src_Trades-Union_477
src_Trade-Association_464,src_International-Alliance_79
src_Cleric_176,src_Cultural-Organisation_381
src_League_49,src_King_358
src_Journalist_448,src_Water_429
src_Scandal_36,src_Governmental-Organisation_338
src_Water_15,src_Painter_395
src_Life-Event_23,src_Politician_321
src_Publisher_455,src_Armament_222
src_Train_327,src_Religious-Order_460
src_Religious-Movement_47,src_Fictional-Person_131
src_Technical-Scientific-Advance_368,src_Composer_365
src_Religious-Order_82,src_Artistic-Style_55
src_Idea_254,src_Work-of-Art_113
src_Dancer_489,src_Geographical-Discovery_439
src_Geographical-Feature_391,src_Country_431
src_Economic-Enterprise_2,src_Scandal_442
src_Election_389,src_Time_354
src_Pamphlet_350,src_Field-of-Knowledge_174
src_Management-Organisation_342,src_Pollution_70
src_Piece-of-Music_164,src_Crime_431
src_Masonic-Lodge_187,src_Illness_275
src_Stereotype-Group_110,src_Trial_474
src_Trades-Unionist_23,src_Economic-Enterprise_440
src_Person-Role_72,src_Piece-of-Music_11
src_Clerical-Leader_411,src_Pope_69
src_Trades-Union_165,src_Artistic-Movement_351
src_Representative-Institution_430,src_Saint_129
src_Head-of-Government_23,src_International-Organisation_117
src_Sculptor_184,src_Public-Oration_444
src_Time-Dependent_249,src_Theologian_324
src_Meeting_297,src_Sculptor_121
src_Queen_382,src_Religious-Symbol_135
src_Discoverer_392,src_Board_264
src_Other-Religious-Person_424,src_Physician_272
src_Creator_473,src_Armament_1
src_Political-Symbol_408,src_Period_270
src_Book_217,src_Geographical-Feature_83
src_Fictional-Event_422,src_Cultural-Organisation_102
src_Cultural-Organisation_238,src_Inventor_153
src_Landmark_195,src_Role_280
src_Measurable-Trend_222,src_Disease_164
src_Church-Reformer_36,src_Environment_410
src_Theologian_235,src_Dynasty_198
src_Field-of-Knowledge_449,src_Pollution_488
src_Period-in-Office_9,src_Political-Organisation_52
src_Astronaut_141,src_Church_238
src_Leader_185,src_Party_265
src_Prince_442,src_Religious-Symbol_85
src_Uprising_98,src_Event_180
src_Artistic-Movement_131,src_Country_458
src_Geographical-Feature_415,src_Functionary_13
src_Piece-of-Music_496,src_Publisher_244
src_Sportsman_118,src_Food_76
src_Disaster_358,src_Foreign-Minister_53
src_Political-Symbol_96,src_Language_392
src_Philosopher_365,src_Secular-Ideology_126
src_Military-Person_15,src_Military-Organisation_237
src_Intellectual-Construct_191,src_University_186
src_Party_290,src_Newspaper_438
src_Creator_248,src_Diplomat_358
src_Time-Dependent-Relation_361,src_Criminal_63
src_Intellectual-Construct_197,src_Military-Person_180
src_Clerical-Leader_392,src_Period-in-Office_167
src_Measurable-Trend_275,src_Period-in-Office_138
src_Criminal_270,src_Ship_358
src_Sultan_275,src_Water_411
src_Individual_376,src_Country_212
src_Armament_485,src_Management-Organisation_498
src_Representative-Institution_173,src_Politician_120
src_Religious-Symbol_355,src_Journalist_373
src_Intellectual-Construct_76,src_Conductor_185
src_Painting_64,src_Discoverer_83
src_Queen_379,src_Prince_196
src_Composer_463,src_Ritual_34
src_City_460,src_Religious-Symbol_415
src_Category_227,src_Engineer_397
src_Religious-Practice_240,src_Religious-Symbol_107
src_National-Symbol_471,src_Armament_182
src_Political-Organisation_161,src_Disaster_231
src_Social-Stratum_261,src_International-Organisation_24
src_Military-Person_170,src_Structure_82
src_Ethnic-Group_348,src_Scandal_13
src_Clerical-Leader_123,src_Life-Event_392
src_Economist_135,src_Actor_273
src_Role_159,src_Pamphlet_33
src_Journal_317,src_Educational-Organisation_129
src_Scandal_63,src_Sultan_96
src_Organisation_348,src_Church-Reformer_201
src_Pollution_146,src_Village_261
src_Sultan_288,src_Work-of-Art_274
src_Other-Religious-Person_13,src_Meeting_459
src_Journalist_211,src_Conductor_123
src_Village_493,src_Military-Unit_450
src_Secular-Ideology_217,src_Badge_148
src_Journalist_390,src_Inventor_449
src_Life-Event_431,src_Religious-Symbol_398
src_VicodiOI_59,src_Scandal_109
src_Person-Role_481,src_Newspaper_487
src_Natural-Object_165,src_Magnate_55
src_Dramaturge_469,src_Other-Religious-Leader_124
src_Musician_139,src_Religious-Movement_25
src_Work-of-Art_23,src_Symbol_449
src_Masonic-Lodge_73,src_Period-in-Office_354
src_Journal_49,src_Meeting_487
src_Work-of-Art_403,src_Building_217
src_Journal_233,src_Jurist_306
src_Psychologist_432,src_Artistic-Movement_273
src_Person-Role_324,src_Painting_158
src_Religious-Symbol_245,src_Building_375
src_Film-Maker_435,src_Saint_330
src_Time-Dependent-Relation_225,src_Emperor_189
src_Psychologist_6,src_Prince_136
src_Sculptor_332,src_Conceptual-Object_429
src_Queen_90,src_Scientific-Instrument_65
src_Creator_397,src_Musician_32
src_Natural-Object_340,src_Event_91
src_Village_286,src_Composer_423
src_Technical-Scientific-Advance_358,src_Dramaturge_249
src_Leader_393,src_Cleric_261
src_Economist_90,src_Economist_212
src_Author_139,src_Professor_482
src_Foreign-Minister_479,src_Scandal_66
src_Trial_254,src_Pope_77
src_Treaty_1,src_Cultural-Agreement_273
src_Cleric_347,src_Fictional-Person_170
src_Sportsman_470,src_Physician_28
src_Public-Oration_42,src_Organisation_120
src_Armament_249,src_Field-of-Knowledge_445
src_Artistic-Style_155,src_Pamphlet_448
src_Military-Unit_209,src_Painting_308
src_Educational-Organisation_17,src_Religious-Organisation_175
src_Educational-Organisation_184,src_Economist_446
src_Educational-Organisation_56,src_Trades-Unionist_135
src_Stereotype-Group_281,src_Secular-Leader_410
src_Inventor_80,src_Work-of-Art_115
src_Management-Organisation_420,src_Head-of-Government_279
src_War_21,src_Journalist_190
src_Battle_430,src_Geographical-Discovery_226
src_Geographer_202,src_Population-Movement_491
src_Village_359,src_Ethnic-Group_428
src_Writing_484,src_Religious-Organisation_303
src_Conceptual-Object_226,src_Physician_446
src_Intellectual-Movement_166,src_Discoverer_117
src_Organisation_365,src_Public-Oration_392
src_Religious-Community_217,src_Author_12
src_Intellectual-Movement_247,src_Politician_350
src_Natural-Object_138,src_King_104
src_Location-Part-Relation_204,src_Abstract-Notion_389
src_Professor_388,src_Public-Oration_261
src_Treaty_29,src_Artistic-Movement_10
src_International-Alliance_217,src_Philanthropist_474
src_Religious-Leader_298,src_Sculptor_397
src_Environment_422,src_Artistic-Style_79
src_Trial_53,src_Jurist_11
src_Philosopher_89,src_Trades-Unionist_203
src_Sultan_474,src_Illness_276
src_Conductor_208,src_Work-of-Art_378
src_Train_238,src_Cultural-Agreement_421
src_Piece-of-Music_225,src_Location-Part-Relation_215
src_Economic-Process_30,src_International-Organisation_478
src_Abstract-Notion_85,src_Masonic-Lodge_119
src_Legislation_155,src_Person_344
src_Newspaper_275,src_Engineer_276
src_Management-Organisation_45,src_Ritual_212
src_Cultural-Organisation_447,src_Intellectual-Movement_322
src_Party_226,src_Party_90
src_Crime_497,src_Publisher_16
src_Movement_201,src_Time-Dependent-Relation_131
src_Structure_317,src_Entertainer_103
src_Astronaut_429,src_Head-of-Government_35
src_Person_35,src_National-Symbol_30
src_Piece-of-Music_425,src_Cleric_243
src_Object_162,src_Population-Movement_376
src_Economic-Symbol_271,src_Publisher_43
src_Landmark_398,src_Field-of-Knowledge_344
src_Religious-Movement_75,src_Head-of-Government_52
src_Movement_444,src_Art-Form_268
src_Illness_207,src_Architect_31
src_Film-Maker_446,src_Badge_53
src_Pastime_114,src_Scientific-Instrument_80
src_Sculpture_53,src_Scientific-Instrument_44
src_Ideology_351,src_Uprising_359
src_Landmark_304,src_Natural-Object_276
src_Trades-Union_285,src_Ecclesiarch_349
src_Social-Group_44,src_FuzzyTemporalInterval_497
src_King_209,src_Social-Group_244
src_Battle_339,src_Conceptual-Object_54
src_Sultan_253,src_Art-Form_454
src_Magnate_479,src_Relic_99
src_Management-Organisation_417,src_Writing_326
src_VicodiOI_282,src_Commodity_191
src_Cultural-Agreement_29,src_Prince_215
src_Journal_277,src_League_47
src_League_44,src_Meeting_94
src_Actor_219,src_Work-of-Art_249
src_Ideology_469,src_Crime_311
src_Engineer_301,src_Religious-Ideology_121
src_Trial_121,src_Film-Maker_276
src_Object_413,src_Ship_326
src_Environment_317,src_Masonic-Lodge_496
src_Election_317,src_King_153
src_Head-of-State_399,src_Life-Event_221
src_International-Organisation_378,src_Other-Religious-Leader_69
src_Secular-Movement_233,src_Governmental-Organisation_230
src_Meeting_255,src_Economic-Process_333
src_Military-Person_51,src_Location_185
src_Natural-Object_185,src_Geographical-Feature_77
src_Religious-Ideology_32,src_Economic-Enterprise_433
src_War_466,src_Intra-State-Group_256
src_Piece-of-Music_321,src_Building_133
src_International-Organisation_352,src_Political-Symbol_370
src_Badge_163,src_Engineer_43
src_Trades-Union_208,src_Intellectual-Movement_320
src_Field-of-Knowledge_188,src_Period-in-Office_493
src_Journal_401,src_Painter_194
src_Political-Symbol_170,src_Illness_219
src_Dancer_164,src_Professor_72
src_Theologian_376,src_Geographical-Discovery_302
src_Disaster_152,src_Geographer_277
src_Educational-Organisation_398,src_Secular-Leader_146
src_Life-Event_101,src_Masonic-Lodge_409
src_Illness_426,src_Painting_244
src_Intellectual-Movement_350,src_Liturgical-Object_88
src_Animal_459,src_Pamphlet_296
src_Non-Military-Conflict_52,src_Conductor_371
src_Theologian_387,src_Social-Group_472
src_Governmental-Organisation_58,src_Educational-Organisation_42
src_Leader_75,src_Legislation_482
src_Functionary_209,src_Professor_360
src_Event_343,src_Public-Oration_2
src_Piece-of-Music_76,src_Church_161
src_Art-Form_315,src_Church_113
src_Social-Group_418,src_Clerical-Leader_112
src_Leader_263,src_VicodiOI_63
src_Diplomat_300,src_Economic-Enterprise_24
src_Religious-Movement_488,src_Train_97
src_Secular-Leader_150,src_Ritual_95
src_Train_246,src_Geographer_235
src_Ship_430,src_Magnate_73
src_Religious-Symbol_51,src_Badge_43
src_Leader_278,src_Saint_289
src_Religious-Community_258,src_Population-Movement_159
src_Church-Reformer_460,src_Individual_224
src_FuzzyTemporalInterval_407,src_Religious-Symbol_338
src_Newspaper_241,src_Country_111
src_Engineer_191,src_FuzzyTemporalInterval_11
src_Commodity_61,src_Professor_465
src_Philosopher_346,src_Trades-Union_324
src_Commodity_27,src_Diplomat_362
src_Discoverer_266,src_Other-Religious-Person_312
src_Pollution_235,src_Masonic-Lodge_173
src_Secular-Leader_54,src_Management-Organisation_241
src_Author_337,src_Time_247
src_Psychologist_174,src_Actor_330
src_Political-Symbol_292,src_Painting_361
src_Foreign-Minister_211,src_Functionary_438
src_Entertainer_206,src_Relic_168
src_Discoverer_301,src_Time_62
src_Religious-Symbol_252,src_Intellectual-Movement_400
src_Intellectual-Construct_299,src_Governmental-Organisation_362
src_Food_248,src_Cultural-Organisation_84
src_Religious-Leader_435,src_Geographical-Feature_212
src_Emperor_441,src_Piece-of-Music_260
src_Individual_256,src_Secular-Leader_111
src_Pamphlet_222,src_Ship_67
src_Abstract-Notion_109,src_Non-Military-Conflict_345
src_Church-Reformer_424,src_Idea_344
src_Musician_329,src_Natural-Object_437
src_War_323,src_Disease_149
src_Armament_198,src_Public-Oration_365
src_Food_57,src_Church_74
src_Other-Religious-Leader_368,src_Dancer_89
src_Flavour_376,src_Political-Region_354
src_Field-of-Knowledge_261,src_Dancer_81
src_Trades-Union_215,src_Business-Leader_234
src_Public-Oration_12,src_Entertainer_46
src_Head-of-Government_493,src_Individual_104
src_Landmark_468,src_Ritual_74
src_Illness_427,src_Geographer_309
src_Art-Form_180,src_Economic-Symbol_239
src_Animal_452,src_Astronaut_22
src_Military-Organisation_225,src_Prince_411
src_Political-Organisation_496,src_Clothing_82
src_Idea_209,src_Economist_254
src_Political-Symbol_360,src_Sportsman_9
src_Entertainer_408,src_Intellectual-Construct_497
src_Head-of-Government_137,src_Non-Military-Conflict_66
src_Sculptor_98,src_Political-Region_32
src_Painter_482,src_International-Organisation_282
src_Publisher_302,src_Economist_477
src_Business-Leader_356,src_International-Organisation_379
src_Board_302,src_Entertainer_491
src_Functionary_153,src_Village_329
src_Intra-State-Group_482,src_Intellectual-Movement_99
src_Stereotype-Group_236,src_Engineer_411
src_Secular-Leader_140,src_Discoverer_106
src_Uprising_225,src_Water_31
src_Religious-Movement_394,src_Fictional-Event_196
src_Trades-Union_107,src_Crime_413
src_Time-Dependent-Relation_297,src_Political-Organisation_438
src_Movement_479,src_City_67
src_Treaty_326,src_Village_453
src_Uprising_392,src_Intra-State-Group_372
src_Book_456,src_Uprising_284
src_Intellectual-Movement_174,src_Geographical-Region_40
src_Disease_59,src_Psychologist_201
src_Sculpture_448,src_Armament_249
src_International-Organisation_485,src_Measurable-Trend_127
src_University_488,src_Secular-Ideology_304
src_Military-Person_436,src_Illness_241
src_Train_468,src_Other-Religious-Leader_112
src_Flavour_220,src_Composer_405
src_Political-Organisation_364,src_Intellectual-Construct_274
src_Psychologist_408,src_Political-Symbol_322
src_Symbol_16,src_Building_47
src_Governmental-Organisation_10,src_Uprising_302
src_Business-Leader_185,src_Artefact_416
src_Pastime_124,src_Technical-Scientific-Advance_160
src_Village_252,src_Educational-Organisation_320
src_Uprising_371,src_Trade-Association_247
src_Management-Organisation_268,src_Water_44
src_Clothing_417,src_Secular-Leader_104
src_Queen_347,src_Period_122
src_Minister_376,src_Time-Dependent-Relation_60
src_Other-Religious-Leader_165,src_Conductor_250
src_Time-Dependent-Relation_199,src_Sportsman_371
src_Board_362,src_Dancer_228
src_Composer_146,src_Secular-Leader_97
src_Relic_438,src_Person-Role_235
src_Economic-Symbol_498,src_Religious-Organisation_96
src_Sculpture_76,src_Other-Religious-Person_346
src_Religious-Ideology_443,src_Secular-Ideology_371
src_Ritual_373,src_Creator_487
src_Measurable-Trend_172,src_Fictional-Person_28
src_Movement_444,src_Non-Military-Conflict_198
src_Sportsman_319,src_Badge_91
src_Category_285,src_Church-Reformer_70
src_Battle_123,src_Role_392
src_Period_352,src_Sculpture_120
src_Sculptor_52,src_Sportsman_464
src_Political-Organisation_109,src_Flavour_286
src_Educational-Organisation_430,src_Sculptor_333
src_Religious-Movement_355,src_Work-of-Art_153
src_Dynasty_12,src_Uprising_480
src_War_375,src_Uprising_246
src_Author_268,src_Professor_182
src_Religious-Movement_187,src_Jurist_352
src_Trades-Unionist_61,src_Time-Dependent-Relation_180
src_Physician_348,src_King_139
src_Economic-Organisation_328,src_Time-Dependent_396
src_Sculpture_486,src_Religious-Practice_243
src_Intellectual-Construct_427,src_Fictional-Event_478
src_Time_421,src_War_106
src_Author_150,src_Work-of-Art_208
src_Artistic-Style_56,src_Train_45
src_Disease_0,src_Time_161
src_Foreign-Minister_499,src_Clerical-Leader_252
