src_Intra-State-Group_3,src_Religious-Order_22
src_Inventor_84,src_Leader_10
src_Animal_292,src_Settlement_423
src_Religious-Order_16,src_Non-Military-Conflict_450
src_Military-Person_326,src_Pamphlet_367
src_Trades-Unionist_178,src_Politician_104
src_Election_350,src_Actor_242
src_Object_164,src_Location_341
src_Pastime_89,src_Relic_198
src_Work-of-Art_409,src_Secular-Ideology_276
src_Composer_248,src_Cathedral_161
src_Political-Organisation_104,src_Artistic-Movement_102
src_Artefact_325,src_Commodity_150
src_Scientist_29,src_Artist_169
src_Film-Maker_382,src_Religious-Organisation_40
src_Piece-of-Music_481,src_Life-Event_490
src_Military-Organisation_78,src_Artist_180
src_Stereotype-Group_442,src_Journal_246
src_Sultan_109,src_Person-Role_443
src_Political-Region_142,src_Settlement_147
src_Foreign-Minister_372,src_Cleric_390
src_Religious-Order_438,src_Composer_436
src_Illness_467,src_Astronaut_3
src_Cleric_469,src_Leader_461
src_Author_272,src_Location-Part-Relation_442
src_Musician_348,src_Trades-Union_475
src_Work-of-Art_108,src_Ecclesiarch_369
src_Secular-Ideology_69,src_Other-Religious-Person_353
src_Time_243,src_Journal_210
src_Artist_458,src_Physician_261
src_Conceptual-Object_401,src_Author_77
src_Sultan_324,src_Economic-Enterprise_446
src_Religious-Organisation_421,src_Minister_11
src_Military-Person_387,src_Scandal_264
src_FuzzyTemporalInterval_442,src_Board_172
src_Diplomat_18,src_Intellectual-Construct_483
src_Secular-Leader_166,src_Population-Movement_160
src_Ethnic-Group_296,src_Religious-Order_215
src_Abbey_9,src_Settlement_277
src_Political-Organisation_360,src_Public-Oration_10
src_Social-Stratum_480,src_Economic-Enterprise_303
src_Diplomat_374,src_Period_216
src_Flavour_80,src_Individual_122
src_Trade-Association_84,src_Intra-State-Group_70
src_Political-Symbol_10,src_Water_415
src_Economist_366,src_Village_318
src_Management-Organisation_381,src_Time_467
src_Time-Dependent-Relation_475,src_Technical-Scientific-Advance_473
src_International-Alliance_173,src_Religious-Organisation_486
src_Flavour_486,src_Geographer_44
src_Discoverer_300,src_Abbey_392
src_Creator_225,src_Newspaper_182
src_Time-Dependent-Relation_493,src_Period_391
src_Educational-Organisation_325,src_Crime_131
src_Language_423,src_Philosopher_54
src_Individual_17,src_Crime_406
src_Writing_340,src_Author_408
src_Economic-Symbol_343,src_Book_32
src_Landmark_80,src_Religious-Organisation_246
src_Organisation_415,src_Masonic-Lodge_453
src_Scientist_9,src_Inventor_312
src_Work-of-Art_80,src_Creator_286
src_Religious-Movement_318,src_Period_248
src_Musician_375,src_Board_361
src_Economic-Process_102,src_Psychologist_409
src_Educational-Organisation_232,src_Actor_130
src_Pamphlet_219,src_Religious-Order_317
src_Economic-Symbol_286,src_International-Organisation_6
src_Magnate_57,src_Publisher_94
src_Building_29,src_Object_306
src_Author_246,src_Astronaut_344
src_Fictional-Event_85,src_Landmark_395
src_Armament_493,src_Intellectual-Construct_381
src_Political-Region_318,src_Architect_125
src_Person-Role_37,src_Illness_247
src_VicodiOI_323,src_Flavour_199
src_Film-Maker_65,src_Functionary_425
src_Saint_401,src_Piece-of-Music_72
src_Painting_44,src_Water_350
src_Cultural-Agreement_339,src_Uprising_288
src_International-Organisation_419,src_King_28
src_Secular-Movement_396,src_Diplomat_427
src_Economic-Process_259,src_Painter_422
src_Business-Leader_274,src_Ship_308
src_Movement_197,src_Author_13
src_Pollution_211,src_Astronaut_199
src_Economic-Enterprise_442,src_Publisher_50
src_Vehicle_304,src_Military-Unit_95
src_Ecclesiarch_335,src_Uprising_206
src_Period_320,src_Period_476
src_Leader_111,src_Theologian_412
src_Political-Organisation_495,src_Painter_22
src_Military-Unit_158,src_Religious-Organisation_290
src_Governmental-Organisation_396,src_International-Alliance_84
src_Flavour_106,src_Entertainer_72
src_Illness_197,src_Liturgical-Object_305
src_Location_193,src_Life-Event_391
src_Church_80,src_Prince_349
src_Trial_171,src_Building_306
src_Period_101,src_Sultan_249
src_Role_294,src_Architect_468
src_Sculpture_460,src_Management-Organisation_398
src_Dynasty_358,src_Fictional-Person_208
src_Liturgical-Object_109,src_Piece-of-Music_381
src_Board_117,src_Social-Stratum_95
src_Cathedral_4,src_Commodity_394
src_Intra-State-Group_254,src_Intellectual-Construct_165
src_Minister_33,src_Cleric_168
src_Painting_331,src_Ship_459
src_Geographical-Feature_166,src_International-Alliance_10
src_Secular-Movement_96,src_Time-Dependent-Relation_426
src_Theologian_90,src_Location_244
src_Individual_339,src_Idea_430
src_Scandal_261,src_Religious-Symbol_390
src_Business-Leader_480,src_Work-of-Art_152
src_Economic-Symbol_354,src_Religious-Organisation_483
src_Pope_492,src_Functionary_408
src_Abstract-Notion_79,src_Intra-State-Group_355
src_Badge_447,src_Political-Symbol_170
src_Animal_89,src_VicodiOI_306
src_Ship_164,src_Film-Maker_472
src_Cultural-Organisation_383,src_International-Alliance_89
src_Time-Dependent_13,src_Religious-Symbol_294
src_Prince_354,src_Artistic-Movement_255
src_Sculptor_141,src_Movement_65
src_Location-Part-Relation_55,src_Economic-Process_474
src_Functionary_59,src_Religious-Ideology_36
src_Conceptual-Object_201,src_Philanthropist_329
src_Scientist_6,src_Philosopher_402
src_Secular-Movement_98,src_Functionary_57
src_TemporalInterval_325,src_Cleric_13
src_Stereotype-Group_322,src_Food_300
src_League_334,src_Life-Event_187
src_Philosopher_490,src_Religious-Leader_406
src_Saint_397,src_Military-Unit_368
src_Economic-Enterprise_316,src_VicodiOI_108
src_City_147,src_Movement_74
src_Economic-Organisation_273,src_Geographical-Region_315
src_Politician_453,src_Geographical-Region_239
src_Church-Reformer_249,src_Pope_77
src_War_219,src_Discoverer_386
src_Relic_295,src_Other-Religious-Person_48
src_Trial_199,src_Disease_450
src_Artefact_19,src_Water_405
src_Physician_298,src_Population-Movement_237
src_Location_465,src_Painting_445
src_Flavour_107,src_Commodity_398
src_Symbol_485,src_Intellectual-Construct_371
src_Location_313,src_Clerical-Leader_39
src_Time-Dependent_354,src_Sculpture_276
src_Painter_471,src_Sportsman_287
src_Politician_217,src_Public-Oration_160
src_Religious-Organisation_71,src_Legislation_255
src_Fictional-Event_449,src_Period-in-Office_263
src_Field-of-Knowledge_393,src_Public-Oration_385
src_Religious-Community_419,src_Political-Symbol_361
src_Field-of-Knowledge_363,src_Functionary_148
src_Queen_97,src_Governmental-Organisation_473
src_Relic_112,src_Structure_69
src_Life-Event_396,src_Social-Group_278
src_Engineer_130,src_Secular-Leader_309
src_Artistic-Movement_134,src_Scientist_264
src_Artistic-Style_414,src_Educational-Organisation_35
src_Measurable-Trend_178,src_Stereotype-Group_380
src_Masonic-Lodge_236,src_Economic-Symbol_174
src_Armament_250,src_Party_419
src_Abbey_78,src_Emperor_141
src_Creator_493,src_Trade-Association_7
src_Leader_188,src_Author_213
src_FuzzyTemporalInterval_364,src_Musician_117
src_Environment_302,src_Trades-Unionist_374
src_Religious-Leader_451,src_Newspaper_391
src_Prince_214,src_Dancer_114
src_Time-Dependent-Relation_361,src_Social-Stratum_251
src_Leader_261,src_League_187
src_Religious-Leader_131,src_Fictional-Person_366
src_Intra-State-Group_167,src_Village_161
src_Symbol_271,src_Physician_490
src_Writing_285,src_Armament_33
src_Work-of-Art_262,src_Work-of-Art_247
src_Political-Region_340,src_FuzzyTemporalInterval_486
src_Field-of-Knowledge_151,src_Theologian_317
src_Journalist_469,src_Pastime_28
src_Stereotype-Group_256,src_Vehicle_167
src_Natural-Object_193,src_Dynasty_23
src_Astronaut_34,src_Military-Organisation_37
src_Work-of-Art_211,src_Treaty_488
src_Painter_382,src_Location_243
src_Pamphlet_179,src_Battle_244
src_Clothing_92,src_Abstract-Notion_104
src_Badge_91,src_Sculptor_342
src_VicodiOI_265,src_Meeting_267
src_Social-Group_77,src_Ship_244
src_Badge_6,src_Artist_341
src_Musician_169,src_Religious-Movement_7
src_Landmark_201,src_Professor_24
src_City_185,src_Leader_418
src_Magnate_448,src_Business-Leader_325
src_Secular-Ideology_393,src_Artist_278
src_Movement_269,src_War_22
src_Treaty_467,src_Crime_481
src_Organisation_114,src_National-Symbol_184
src_Psychologist_230,src_Sculptor_169
src_Professor_204,src_Sultan_194
src_Clothing_132,src_Cultural-Agreement_134
src_Battle_98,src_Film-Maker_219
src_Other-Religious-Person_233,src_Country_473
src_Trade-Association_225,src_Actor_31
src_Ritual_123,src_Dynasty_32
src_Time-Dependent-Relation_499,src_Natural-Object_134
src_Movement_213,src_Artistic-Movement_28
src_Secular-Leader_406,src_Secular-Movement_296
src_International-Alliance_498,src_Actor_342
src_Psychologist_195,src_Theologian_402
src_Sculpture_174,src_Sportsman_81
src_Trade-Association_321,src_Governmental-Organisation_31
src_Dancer_57,src_Piece-of-Music_319
src_Educational-Organisation_281,src_Management-Organisation_24
src_Country_336,src_Composer_431
src_Event_193,src_Artefact_222
src_Train_157,src_Social-Group_440
src_Food_471,src_Work-of-Art_492
src_Diplomat_480,src_Dancer_112
src_Structure_204,src_Book_109
src_Geographical-Feature_302,src_Educational-Organisation_317
src_Fictional-Event_283,src_Ritual_378
src_Sultan_287,src_Economic-Symbol_430
src_Movement_49,src_Cultural-Agreement_453
src_Head-of-Government_488,src_Leader_14
src_Time-Dependent_249,src_Trades-Unionist_86
src_Dancer_371,src_Field-of-Knowledge_160
src_Trade-Association_83,src_Journal_442
src_Artist_336,src_Symbol_369
src_Artistic-Style_426,src_Geographer_387
src_Philosopher_424,src_Philosopher_113
src_Engineer_444,src_Technical-Scientific-Advance_337
src_Cleric_232,src_Newspaper_86
src_Idea_202,src_Food_455
src_Battle_131,src_Film-Maker_259
src_FuzzyTemporalInterval_426,src_Actor_445
src_Religious-Order_461,src_Clerical-Leader_257
src_Population-Movement_314,src_Meeting_187
src_Cleric_408,src_Educational-Organisation_316
src_Writing_28,src_Prince_273
src_Food_419,src_Sultan_219
src_Religious-Practice_105,src_Treaty_393
src_FuzzyTemporalInterval_353,src_Economic-Organisation_331
src_Economist_364,src_Secular-Ideology_39
src_Uprising_456,src_Conceptual-Object_308
src_University_103,src_Secular-Leader_35
src_Trial_8,src_Movement_55
src_Professor_25,src_Psychologist_13
src_Symbol_339,src_Social-Stratum_272
src_International-Organisation_304,src_Armament_432
src_Economic-Enterprise_180,src_Language_338
src_Party_50,src_Geographical-Feature_144
src_Individual_205,src_Abbey_5
src_Artist_472,src_Treaty_23
src_Actor_335,src_Movement_247
src_Pollution_153,src_Other-Religious-Person_106
src_Crime_190,src_Physician_287
src_Fictional-Person_153,src_Ethnic-Group_169
src_FuzzyTemporalInterval_224,src_Architect_246
src_Leader_32,src_Movement_470
src_VicodiOI_236,src_Ship_142
src_Film-Maker_209,src_University_158
src_Environment_149,src_Conceptual-Object_90
src_Pollution_98,src_Clerical-Leader_48
src_Organisation_422,src_Geographical-Discovery_451
src_Geographical-Feature_192,src_Event_199
src_Economic-Enterprise_37,src_Secular-Movement_213
src_Other-Religious-Leader_117,src_Population-Movement_456
src_Ideology_98,src_Educational-Organisation_318
src_Person-Role_104,src_Social-Stratum_373
src_Journal_314,src_Village_481
src_Pamphlet_32,src_Artist_190
src_Social-Stratum_146,src_Secular-Leader_292
src_Entertainer_186,src_Work-of-Art_415
src_Piece-of-Music_219,src_Trades-Union_126
src_Party_54,src_Astronaut_284
src_Organisation_93,src_Economic-Symbol_429
src_Politician_3,src_International-Organisation_7
src_Party_190,src_Religious-Symbol_424
src_Stereotype-Group_277,src_Village_357
src_Masonic-Lodge_86,src_Writing_65
src_Publisher_187,src_Representative-Institution_113
src_Sportsman_154,src_Secular-Leader_116
src_Religious-Movement_219,src_Environment_106
src_Location-Part-Relation_39,src_Inventor_114
src_Water_90,src_War_109
src_Fictional-Event_253,src_Cathedral_79
src_Religious-Ideology_291,src_Composer_160
src_Conceptual-Object_127,src_Clothing_72
src_Animal_283,src_Scientific-Instrument_16
src_Election_163,src_Religious-Organisation_233
src_Badge_43,src_Emperor_59
src_Settlement_251,src_Representative-Institution_139
src_Time-Dependent-Relation_163,src_Secular-Leader_266
src_Pope_448,src_Discoverer_275
src_Ideology_430,src_Secular-Ideology_468
src_National-Symbol_19,src_Country_352
src_Minister_313,src_Ship_0
src_Train_408,src_Meeting_80
src_Location-Part-Relation_175,src_Secular-Movement_307
src_Journal_89,src_Prince_267
src_Trade-Association_416,src_Politician_459
src_Representative-Institution_98,src_Scandal_322
src_Theologian_179,src_Clerical-Leader_36
src_Environment_396,src_Election_161
src_Location_250,src_Country_86
src_Stereotype-Group_483,src_Idea_321
src_Economic-Process_414,src_Symbol_289
src_Dynasty_345,src_Crime_146
src_Abstract-Notion_217,src_Church_275
src_Sportsman_479,src_Location-Part-Relation_221
src_Cultural-Organisation_182,src_Jurist_441
src_Masonic-Lodge_256,src_Newspaper_495
src_Intra-State-Group_325,src_Individual_150
src_Religious-Community_451,src_Military-Unit_244
src_International-Alliance_30,src_Other-Religious-Leader_462
src_Uprising_372,src_Ecclesiarch_428
src_Uprising_111,src_Location-Part-Relation_75
src_Church_171,src_Landmark_336
src_Sportsman_67,src_Time-Dependent-Relation_211
src_Water_481,src_Scandal_430
src_Illness_415,src_FuzzyTemporalInterval_327
src_Governmental-Organisation_252,src_Other-Religious-Leader_96
src_Idea_313,src_Business-Leader_129
src_Technical-Scientific-Advance_312,src_Philosopher_25
src_Business-Leader_250,src_Cleric_350
src_Magnate_498,src_Pope_200
src_Ethnic-Group_69,src_Trial_277
src_Person_98,src_Representative-Institution_10
src_Other-Religious-Person_300,src_Economic-Symbol_194
src_Measurable-Trend_30,src_Inventor_371
src_Author_51,src_Idea_154
src_Theologian_427,src_Diplomat_141
src_Population-Movement_190,src_Monastery_385
src_Jurist_376,src_Other-Religious-Leader_343
src_Environment_281,src_Leader_107
src_Measurable-Trend_464,src_Natural-Object_395
src_Sculptor_255,src_War_46
src_Crime_470,src_International-Alliance_232
src_Event_445,src_Disease_491
src_Category_316,src_Sculpture_456
src_Flavour_242,src_Public-Oration_204
src_Economic-Symbol_362,src_Water_55
src_League_219,src_Time-Dependent-Relation_326
src_Location_141,src_Legislation_77
src_Management-Organisation_317,src_Treaty_160
src_Journalist_202,src_Train_19
src_VicodiOI_347,src_Party_177
src_Disaster_235,src_Conceptual-Object_254
src_Functionary_135,src_Cultural-Organisation_42
src_Battle_162,src_Ecclesiarch_310
src_Ideology_310,src_Art-Form_198
src_Religious-Leader_399,src_Geographical-Discovery_40
src_Journal_62,src_Secular-Ideology_335
src_Newspaper_224,src_Role_304
src_Vehicle_185,src_Minister_195
src_Newspaper_312,src_Masonic-Lodge_499
src_Writing_397,src_Business-Leader_87
src_Illness_274,src_Scandal_390
src_Actor_239,src_Social-Group_414
src_Educational-Organisation_164,src_Church-Reformer_192
src_Saint_77,src_Monastery_180
src_Period_31,src_Settlement_431
src_Clerical-Leader_154,src_Business-Leader_47
src_Representative-Institution_151,src_Jurist_300
src_Disease_139,src_Monastery_40
src_Geographical-Discovery_157,src_Political-Region_113
src_Abstract-Notion_229,src_Measurable-Trend_282
src_Head-of-Government_282,src_Economic-Enterprise_38
src_Book_192,src_Location_474
src_Idea_115,src_Commodity_236
src_Ritual_319,src_Movement_13
src_Social-Stratum_449,src_Vehicle_431
src_Flavour_418,src_Religious-Community_369
src_Individual_331,src_Fictional-Event_205
src_Trades-Union_221,src_Artist_275
src_Category_488,src_Diplomat_28
src_National-Symbol_428,src_Church-Reformer_182
src_Geographical-Region_32,src_Architect_235
src_Religious-Movement_311,src_Event_354
src_Foreign-Minister_144,src_Political-Symbol_433
src_Philanthropist_29,src_Professor_197
src_Magnate_400,src_Country_128
src_Leader_135,src_Economic-Process_385
src_Organisation_391,src_Clerical-Leader_359
src_Secular-Ideology_408,src_Theologian_431
src_Measurable-Trend_478,src_Criminal_360
src_Creator_235,src_Commodity_201
src_Time-Dependent_158,src_Management-Organisation_434
src_Religious-Symbol_106,src_Painting_21
src_Leader_405,src_Discoverer_220
src_Legislation_47,src_Church-Reformer_411
src_Movement_297,src_Painting_315
src_Person_286,src_Minister_50
src_Religious-Practice_438,src_Language_368
src_Disease_283,src_National-Symbol_51
src_Population-Movement_110,src_Economic-Enterprise_287
src_Board_34,src_Queen_240
src_Journal_304,src_Magnate_364
src_Writing_432,src_FuzzyTemporalInterval_450
src_Geographical-Discovery_475,src_Religious-Order_357
src_Trades-Unionist_454,src_Criminal_479
src_Flavour_135,src_Geographer_277
src_Inventor_351,src_TemporalInterval_184
src_Pope_84,src_Religious-Order_22
src_Political-Symbol_364,src_Dramaturge_167
src_Creator_327,src_Abstract-Notion_131
src_Religious-Community_471,src_Individual_237
src_Diplomat_354,src_Ecclesiarch_419
src_Sculpture_190,src_Functionary_161
src_Secular-Ideology_20,src_Economist_240
src_Location_14,src_Train_443
src_Field-of-Knowledge_192,src_Time-Dependent_436
src_Landmark_366,src_FuzzyTemporalInterval_313
src_Artistic-Style_265,src_Pope_467
src_Economic-Organisation_143,src_Inventor_377
src_Country_485,src_Water_162
src_Religious-Practice_484,src_Philosopher_36
src_Religious-Ideology_195,src_Architect_405
src_Geographical-Discovery_209,src_Queen_92
src_Queen_239,src_Work-of-Art_290
src_Cleric_157,src_Physician_191
src_VicodiOI_430,src_Sportsman_19
src_Population-Movement_309,src_Disease_317
src_Secular-Movement_116,src_Economic-Enterprise_99
src_Trade-Association_308,src_Organisation_161
src_Sportsman_32,src_Foreign-Minister_228
src_Board_363,src_Cultural-Organisation_180
src_Ecclesiarch_163,src_Pollution_78
src_Minister_180,src_Geographical-Region_96
src_Magnate_446,src_Field-of-Knowledge_443
src_Pope_137,src_Relic_134
src_Trades-Unionist_175,src_Saint_92
src_Artist_488,src_Trial_260
src_Meeting_377,src_Stereotype-Group_410
src_University_141,src_Artistic-Style_479
src_Piece-of-Music_14,src_Non-Military-Conflict_217
src_Architect_8,src_Criminal_461
src_Representative-Institution_462,src_Functionary_222
src_Armament_182,src_Criminal_303
src_City_362,src_Art-Form_167
src_Secular-Ideology_114,src_Animal_424
src_Art-Form_351,src_Fictional-Person_481
src_Uprising_343,src_Ship_284
src_Religious-Movement_271,src_King_468
src_Illness_337,src_Time_429
src_Intellectual-Movement_308,src_Book_482
src_Pamphlet_297,src_Professor_209
src_Person_450,src_Animal_462
src_VicodiOI_162,src_Architect_42
src_War_39,src_Pope_222
src_Period_44,src_Relic_87
src_Pastime_366,src_Sportsman_305
src_Representative-Institution_227,src_Art-Form_261
src_Cathedral_6,src_Meeting_222
src_Political-Region_42,src_Social-Stratum_323
src_Stereotype-Group_485,src_Emperor_111
src_Legislation_61,src_Business-Leader_261
src_League_456,src_Creator_230
src_International-Alliance_173,src_Journalist_18
src_Sculptor_295,src_Symbol_330
src_Inventor_165,src_Population-Movement_405
src_Magnate_179,src_Flavour_210
src_Economic-Organisation_129,src_Author_418
src_Natural-Object_317,src_Water_168
src_Economic-Enterprise_459,src_Role_293
src_Scientist_26,src_Uprising_107
src_Masonic-Lodge_158,src_Clothing_186
src_Life-Event_242,src_Field-of-Knowledge_437
src_Educational-Organisation_24,src_Abstract-Notion_44
src_Military-Unit_19,src_Magnate_42
src_Leader_481,src_Newspaper_6
src_Population-Movement_409,src_Liturgical-Object_391
src_Creator_388,src_Ideology_52
src_Conceptual-Object_333,src_Economic-Organisation_367
src_Field-of-Knowledge_102,src_Vehicle_326
src_Period-in-Office_72,src_Religious-Movement_416
src_Pope_7,src_Train_74
src_Population-Movement_402,src_Uprising_430
src_Journal_306,src_Economic-Organisation_366
src_Economist_237,src_Sultan_438
src_Other-Religious-Person_479,src_Criminal_419
src_Vehicle_121,src_Piece-of-Music_192
src_Idea_314,src_Church-Reformer_163
src_Religious-Organisation_295,src_Book_306
src_Sultan_175,src_Non-Military-Conflict_388
src_Film-Maker_368,src_Trade-Association_362
src_Symbol_138,src_Geographical-Feature_190
src_Building_477,src_Stereotype-Group_127
src_City_225,src_Scientist_173
src_Geographical-Feature_478,src_Stereotype-Group_228
src_Disaster_82,src_Professor_292
src_Field-of-Knowledge_169,src_Astronaut_238
src_City_220,src_National-Symbol_310
src_Minister_30,src_Secular-Leader_250
src_Governmental-Organisation_51,src_Economic-Symbol_280
src_Journalist_310,src_Disaster_33
src_Emperor_198,src_Cleric_164
src_Religious-Community_417,src_Trades-Union_413
src_International-Alliance_209,src_Film-Maker_387
src_Politician_41,src_Pope_190
src_Religious-Order_57,src_Church_171
src_Ecclesiarch_306,src_Battle_338
src_FuzzyTemporalInterval_185,src_VicodiOI_481
src_Prince_274,src_Water_219
src_Battle_109,src_Life-Event_208
src_Clothing_192,src_Legislation_253
src_Geographical-Discovery_208,src_Animal_400
src_Landmark_143,src_Pastime_157
src_Trades-Union_431,src_Liturgical-Object_391
src_Intellectual-Construct_202,src_National-Symbol_6
src_Artist_206,src_Discoverer_203
src_Inventor_299,src_Object_411
src_Trades-Unionist_275,src_Scandal_462
src_Clothing_1,src_Building_131
src_Period-in-Office_455,src_Professor_124
src_Other-Religious-Leader_283,src_Religious-Movement_354
src_Cathedral_334,src_Painting_256
src_Dynasty_333,src_Painter_186
src_Professor_152,src_Vehicle_78
src_Psychologist_372,src_Geographical-Region_324
src_Economic-Enterprise_475,src_Party_461
src_Head-of-Government_343,src_Flavour_150
src_Role_481,src_Social-Group_262
src_Masonic-Lodge_334,src_Author_83
src_Scientific-Instrument_121,src_Painter_191
src_Disaster_311,src_Cultural-Organisation_63
src_Board_287,src_Language_305
src_Sultan_237,src_Liturgical-Object_166
src_Role_70,src_Symbol_22
src_War_94,src_Church_340
src_Dancer_287,src_Ecclesiarch_227
src_Relic_210,src_Trades-Unionist_263
src_Cultural-Agreement_317,src_Armament_487
src_Clothing_380,src_Animal_439
src_Technical-Scientific-Advance_45,src_Pope_301
src_Technical-Scientific-Advance_178,src_Creator_184
src_Trades-Unionist_104,src_Economic-Symbol_121
src_Author_43,src_Person-Role_64
src_Clerical-Leader_13,src_Trades-Unionist_407
src_Illness_149,src_War_450
src_King_150,src_Queen_325
src_Artefact_57,src_Commodity_355
src_Head-of-Government_91,src_Functionary_41
src_Military-Unit_87,src_Ritual_272
src_Object_221,src_Location_149
src_Armament_356,src_Artistic-Movement_57
src_Creator_146,src_Dramaturge_81
src_Governmental-Organisation_438,src_Relic_300
src_Religious-Order_331,src_Role_0
src_Actor_464,src_Pamphlet_147
src_National-Symbol_184,src_Painter_62
src_Foreign-Minister_417,src_Journal_489
src_Idea_420,src_Period_114
src_Social-Stratum_383,src_Sculptor_117
src_Clerical-Leader_315,src_Leader_33
src_Geographical-Discovery_185,src_Political-Region_33
src_Dancer_217,src_Pastime_33
src_Politician_231,src_Relic_219
src_Pamphlet_158,src_Dramaturge_231
src_Economist_414,src_Intellectual-Construct_383
src_Event_126,src_Country_385
src_Symbol_311,src_Measurable-Trend_467
src_Legislation_448,src_Ecclesiarch_404
src_Trial_134,src_FuzzyTemporalInterval_345
src_Field-of-Knowledge_100,src_Food_299
src_Intellectual-Movement_137,src_Armament_260
src_Saint_114,src_Disease_397
src_Military-Organisation_40,src_Governmental-Organisation_26
src_Military-Person_426,src_Religious-Ideology_98
src_Disaster_288,src_Social-Stratum_223
src_Piece-of-Music_36,src_Military-Organisation_330
src_Astronaut_130,src_Political-Organisation_448
src_Intellectual-Construct_363,src_Sportsman_488
src_Theologian_358,src_Trades-Union_464
src_Representative-Institution_408,src_Church-Reformer_419
src_International-Organisation_370,src_Scientific-Instrument_254
src_Intellectual-Construct_53,src_Treaty_128
src_Treaty_422,src_Architect_333
src_Engineer_100,src_Economic-Organisation_82
src_International-Organisation_183,src_Religious-Symbol_282
src_Country_231,src_Book_132
src_Crime_370,src_Non-Military-Conflict_57
src_Sculptor_259,src_International-Organisation_374
src_Representative-Institution_440,src_Philosopher_67
src_Sportsman_127,src_Business-Leader_24
src_Religious-Order_425,src_Cleric_280
src_Abstract-Notion_16,src_Religious-Community_293
src_Masonic-Lodge_171,src_Political-Region_447
src_Religious-Order_104,src_Theologian_256
src_Armament_97,src_Geographical-Feature_317
src_Head-of-State_188,src_Movement_458
src_Inventor_298,src_Physician_29
src_Category_211,src_Ship_93
src_Economic-Organisation_341,src_Writing_154
src_Engineer_43,src_Representative-Institution_234
src_Art-Form_189,src_Cathedral_103
src_Monastery_281,src_National-Symbol_151
src_Leader_276,src_Commodity_349
src_Period_250,src_Social-Stratum_394
src_Location_333,src_Dynasty_144
src_Religious-Leader_230,src_Military-Organisation_416
src_Battle_31,src_Party_70
src_Book_254,src_Category_274
src_Painter_409,src_Sculpture_442
src_Liturgical-Object_163,src_Religious-Organisation_286
src_Economic-Enterprise_357,src_Engineer_174
src_Idea_123,src_Physician_42
src_Politician_287,src_Cleric_472
src_Intellectual-Construct_212,src_Leader_196
src_Disease_366,src_Head-of-State_368
src_Idea_440,src_Musician_480
src_Clothing_315,src_FuzzyTemporalInterval_480
src_Stereotype-Group_61,src_Party_465
src_Religious-Order_18,src_Philanthropist_390
src_Saint_317,src_TemporalInterval_271
src_Intra-State-Group_202,src_Artistic-Movement_461
src_Idea_357,src_Sportsman_354
src_League_350,src_Village_128
src_Business-Leader_438,src_Disaster_329
src_Symbol_199,src_Geographical-Discovery_125
src_Pope_469,src_Astronaut_139
src_Economic-Enterprise_78,src_Individual_223
src_Engineer_244,src_Governmental-Organisation_381
src_Environment_301,src_Political-Region_336
src_Armament_24,src_Landmark_49
src_Ethnic-Group_247,src_Period_382
src_FuzzyTemporalInterval_248,src_International-Organisation_132
src_Board_354,src_Idea_453
src_Landmark_436,src_Relic_213
src_Writing_61,src_Trial_395
src_Idea_81,src_Secular-Leader_123
src_Settlement_396,src_Artistic-Style_347
src_Composer_305,src_Other-Religious-Leader_334
src_Religious-Order_281,src_Physician_407
src_Ideology_182,src_Geographical-Region_182
src_Professor_94,src_Clothing_316
src_Writing_321,src_Religious-Leader_54
src_Clothing_168,src_Settlement_72
src_Conceptual-Object_312,src_Representative-Institution_294
src_Economist_55,src_Role_175
src_Social-Group_18,src_Language_164
src_Time-Dependent_436,src_Board_81
src_Landmark_435,src_Art-Form_22
src_Other-Religious-Person_353,src_Disease_271
src_Theologian_398,src_Educational-Organisation_498
src_Ecclesiarch_497,src_Symbol_185
src_Intellectual-Movement_333,src_Social-Stratum_161
src_Church-Reformer_6,src_Population-Movement_488
src_Management-Organisation_349,src_Political-Region_372
src_Head-of-Government_145,src_Church_437
src_Disaster_188,src_Discoverer_9
src_Social-Group_250,src_Pamphlet_112
src_Head-of-Government_416,src_Religious-Order_451
src_Prince_462,src_War_85
src_Management-Organisation_271,src_Technical-Scientific-Advance_465
src_Public-Oration_382,src_Cleric_375
src_Religious-Symbol_430,src_Geographical-Region_34
src_Election_18,src_Governmental-Organisation_55
src_Battle_408,src_University_187
src_Jurist_361,src_VicodiOI_252
src_Other-Religious-Leader_38,src_Economist_142
src_Badge_25,src_Election_474
src_Time_442,src_Economist_161
src_Piece-of-Music_289,src_Ritual_358
src_Pope_415,src_Dramaturge_485
src_Non-Military-Conflict_357,src_Flavour_499
src_Religious-Leader_52,src_Emperor_171
src_Disease_246,src_Politician_0
src_Astronaut_226,src_Relic_26
src_Musician_76,src_International-Alliance_299
src_Life-Event_448,src_Military-Person_218
src_Clerical-Leader_225,src_Abbey_250
src_Trades-Union_50,src_City_397
src_Geographical-Feature_73,src_Sculptor_81
src_Secular-Leader_228,src_Military-Unit_461
src_Magnate_414,src_Time-Dependent_418
src_Trade-Association_301,src_Religious-Community_436
src_Military-Person_310,src_Country_192
src_Geographical-Discovery_163,src_Business-Leader_231
src_Religious-Symbol_461,src_Secular-Leader_328
src_Engineer_407,src_Cultural-Agreement_375
src_Economic-Organisation_18,src_Meeting_74
src_Piece-of-Music_107,src_Social-Group_466
src_Country_375,src_Individual_443
src_Period-in-Office_254,src_Abbey_75
src_Secular-Movement_155,src_Abstract-Notion_376
src_Geographer_76,src_Journalist_481
src_Religious-Symbol_273,src_FuzzyTemporalInterval_250
src_Artistic-Style_0,src_International-Alliance_499
src_Relic_193,src_Environment_212
src_Journalist_155,src_National-Symbol_490
src_Actor_363,src_Abbey_156
src_Minister_427,src_Ritual_369
src_Artefact_228,src_National-Symbol_149
src_Geographical-Discovery_166,src_Artist_251
src_Religious-Ideology_202,src_Ship_65
src_Movement_271,src_Secular-Ideology_36
src_Politician_208,src_Religious-Symbol_128
src_Building_101,src_Scientist_100
src_Work-of-Art_229,src_Diplomat_267
src_Uprising_149,src_Fictional-Person_62
src_Environment_47,src_Treaty_146
src_Armament_426,src_Publisher_146
src_League_242,src_Journalist_326
src_Economist_344,src_Politician_31
src_Cultural-Organisation_465,src_City_39
src_Badge_128,src_Actor_145
src_Ethnic-Group_97,src_Person-Role_434
src_Writing_491,src_Badge_463
src_Cultural-Agreement_46,src_Cultural-Agreement_479
src_Functionary_220,src_Cultural-Organisation_373
src_Social-Group_275,src_Cultural-Agreement_123
src_Structure_225,src_Military-Organisation_315
src_Philosopher_454,src_Conceptual-Object_247
src_Prince_458,src_Religious-Organisation_408
src_Entertainer_15,src_Abbey_7
src_Religious-Practice_374,src_Abstract-Notion_379
src_Representative-Institution_208,src_Intellectual-Movement_196
src_VicodiOI_303,src_League_265
src_Ecclesiarch_275,src_Symbol_14
src_Sportsman_47,src_Religious-Movement_473
src_Badge_313,src_Sportsman_462
src_Minister_399,src_Time-Dependent-Relation_62
src_Monastery_283,src_Event_108
src_Election_154,src_Category_419
src_Technical-Scientific-Advance_461,src_Location-Part-Relation_481
src_Political-Organisation_256,src_Illness_230
src_Astronaut_208,src_Legislation_418
src_Train_117,src_Pastime_432
src_Artistic-Style_57,src_Architect_242
src_Crime_97,src_Functionary_350
src_Person_470,src_Commodity_435
src_Language_147,src_Abbey_127
src_Train_129,src_Church_66
src_Philanthropist_151,src_Individual_475
src_Time-Dependent_405,src_Vehicle_222
src_Religious-Community_161,src_Head-of-State_453
src_Period_11,src_Period_424
src_Painting_134,src_Political-Symbol_385
src_Clothing_266,src_Professor_234
src_Head-of-Government_488,src_Educational-Organisation_278
src_Abstract-Notion_136,src_Natural-Object_383
src_Economic-Symbol_111,src_International-Organisation_312
src_Public-Oration_331,src_Ship_84
src_Religious-Community_372,src_Illness_427
src_Saint_473,src_Pope_457
src_Criminal_203,src_Board_358
src_Stereotype-Group_497,src_Trade-Association_32
src_Artistic-Movement_337,src_Representative-Institution_252
src_Object_455,src_Fictional-Person_428
src_Criminal_221,src_Sculpture_14
src_Political-Region_424,src_Water_302
src_Clerical-Leader_406,src_Sportsman_355
src_Geographical-Feature_284,src_National-Symbol_304
src_Ethnic-Group_215,src_Settlement_126
src_Functionary_430,src_Time-Dependent_460
src_Film-Maker_104,src_Symbol_142
src_Category_416,src_Minister_69
src_Party_325,src_Pollution_357
src_Magnate_182,src_Dynasty_486
src_Work-of-Art_370,src_Piece-of-Music_408
src_International-Alliance_17,src_Geographical-Discovery_408
src_Population-Movement_479,src_Scandal_4
src_Period_165,src_Prince_276
src_Emperor_179,src_Actor_416
src_Artistic-Movement_473,src_Musician_10
src_Governmental-Organisation_414,src_Geographical-Feature_236
src_Artistic-Movement_371,src_Stereotype-Group_199
src_Economist_477,src_Building_23
src_Water_267,src_Musician_171
src_Person_22,src_Geographer_437
src_Religious-Leader_86,src_Uprising_423
src_Actor_342,src_Religious-Community_113
src_Intellectual-Construct_153,src_International-Organisation_459
src_Conceptual-Object_113,src_Composer_436
src_Religious-Community_429,src_Entertainer_341
src_Book_126,src_Location_7
src_Life-Event_130,src_War_151
src_Dancer_38,src_Legislation_377
src_Commodity_354,src_Film-Maker_1
src_Conductor_251,src_National-Symbol_230
src_Sportsman_428,src_Pastime_488
src_Scientist_10,src_Educational-Organisation_96
src_Architect_287,src_Life-Event_399
src_Abstract-Notion_210,src_Church-Reformer_433
src_Animal_74,src_Economic-Enterprise_414
src_Trade-Association_65,src_Person-Role_239
src_Psychologist_199,src_Minister_258
src_Governmental-Organisation_484,src_Diplomat_390
src_Category_130,src_Commodity_61
src_Cultural-Organisation_28,src_Time-Dependent-Relation_185
src_Geographical-Feature_197,src_TemporalInterval_307
src_Pollution_293,src_Physician_121
src_Monastery_496,src_Disease_211
src_Other-Religious-Leader_35,src_Life-Event_219
src_Cathedral_243,src_Religious-Order_5
src_Musician_453,src_Trades-Union_78
src_Painting_76,src_Time_143
src_Sculptor_36,src_Legislation_430
src_Economic-Process_116,src_Crime_112
src_Party_11,src_Secular-Leader_166
src_Economic-Organisation_170,src_Cultural-Organisation_66
src_Book_78,src_Art-Form_426
src_Meeting_97,src_Head-of-Government_412
src_Painter_464,src_Art-Form_121
src_Criminal_476,src_Other-Religious-Person_232
src_Religious-Symbol_162,src_Criminal_312
src_Person-Role_306,src_Leader_290
src_Inventor_311,src_Ritual_484
src_Fictional-Person_186,src_Musician_418
src_King_180,src_Political-Symbol_336
src_Legislation_25,src_Trades-Unionist_494
src_Journal_263,src_Military-Unit_12
src_Author_320,src_Conceptual-Object_425
src_Psychologist_233,src_Secular-Leader_234
src_City_485,src_Artistic-Movement_133
src_Country_190,src_Artefact_12
src_Religious-Ideology_30,src_Newspaper_301
src_Economic-Enterprise_389,src_Time_64
src_Population-Movement_131,src_Environment_447
src_Artefact_206,src_Category_238
src_University_3,src_Sculptor_50
src_Religious-Symbol_38,src_Country_93
src_Cleric_35,src_Minister_241
src_Category_435,src_Composer_478
src_Natural-Object_104,src_Vehicle_462
src_City_190,src_Creator_202
src_Astronaut_68,src_Governmental-Organisation_347
src_Commodity_195,src_Natural-Object_248
src_Other-Religious-Person_297,src_Structure_88
src_Journal_41,src_Economic-Enterprise_152
src_Book_138,src_Role_162
src_Political-Region_367,src_Badge_125
src_Party_479,src_Church-Reformer_353
src_Period-in-Office_379,src_Disease_471
src_Secular-Ideology_10,src_Social-Stratum_466
src_Technical-Scientific-Advance_312,src_Social-Group_186
src_Geographer_146,src_Disease_201
src_Flavour_381,src_Discoverer_20
src_Time_485,src_Animal_248
src_Artist_270,src_Cultural-Organisation_398
src_Entertainer_104,src_Architect_50
src_Economist_392,src_Painting_399
src_Newspaper_211,src_Disease_196
src_Military-Organisation_329,src_Geographical-Feature_499
src_Idea_187,src_Idea_223
src_Religious-Symbol_35,src_Monastery_137
src_Party_337,src_Election_327
src_Intellectual-Movement_339,src_Language_40
src_Election_233,src_Publisher_17
src_Measurable-Trend_484,src_Political-Symbol_149
src_Sultan_226,src_Composer_481
src_Time-Dependent_119,src_Person-Role_319
src_Politician_94,src_Church_228
src_League_238,src_Intellectual-Movement_10
src_Inventor_404,src_Entertainer_163
src_Functionary_212,src_Measurable-Trend_64
src_Secular-Leader_364,src_Minister_42
src_Economic-Process_384,src_International-Alliance_342
src_Scientist_347,src_Badge_373
src_Social-Stratum_42,src_Religious-Leader_475
src_Creator_417,src_Legislation_326
src_Technical-Scientific-Advance_444,src_Cultural-Organisation_463
src_Engineer_20,src_Book_344
src_Military-Unit_6,src_Dynasty_409
src_Settlement_151,src_Uprising_445
src_Language_128,src_Book_21
src_Artist_322,src_Trades-Unionist_244
src_Prince_222,src_Clerical-Leader_163
src_Church_326,src_Actor_239
src_Church-Reformer_370,src_Sculptor_281
src_Painter_187,src_Train_458
src_Settlement_8,src_Queen_28
src_Cleric_220,src_Political-Region_234
src_Religious-Movement_71,src_Election_95
src_Religious-Organisation_391,src_Abbey_198
src_Ship_410,src_Country_10
src_Military-Organisation_355,src_Physician_401
src_Fictional-Person_259,src_Life-Event_216
src_Trial_475,src_Professor_253
src_Geographical-Feature_8,src_Environment_88
src_Role_310,src_Animal_441
src_Management-Organisation_290,src_Painting_351
src_Ritual_442,src_Work-of-Art_416
src_Cathedral_443,src_Musician_40
src_Pollution_292,src_Head-of-Government_486
src_Governmental-Organisation_401,src_Period_391
src_International-Alliance_31,src_Art-Form_30
src_Secular-Leader_82,src_Politician_62
src_Conductor_370,src_Pope_110
src_Governmental-Organisation_304,src_Illness_130
src_Monastery_40,src_Artistic-Movement_364
src_Functionary_321,src_Cleric_234
src_Business-Leader_339,src_Other-Religious-Person_404
src_Landmark_77,src_Theologian_423
src_Armament_383,src_Other-Religious-Leader_107
src_Religious-Symbol_32,src_Church_453
src_Relic_282,src_Economist_261
src_Location-Part-Relation_430,src_Conceptual-Object_164
src_Dramaturge_72,src_Jurist_423
src_Diplomat_139,src_Period-in-Office_248
src_Educational-Organisation_9,src_Geographical-Discovery_393
src_Sportsman_382,src_Architect_231
src_Village_292,src_Natural-Object_285
src_Emperor_216,src_Intra-State-Group_374
src_City_483,src_Uprising_358
src_Pastime_180,src_Head-of-State_0
src_Philanthropist_122,src_Scientist_193
src_Engineer_146,src_Religious-Leader_117
src_Newspaper_483,src_Painter_171
src_Symbol_90,src_Scandal_419
src_Geographical-Discovery_456,src_University_84
src_Trade-Association_479,src_Artistic-Movement_369
src_Trade-Association_30,src_Theologian_345
src_Period_269,src_Management-Organisation_370
src_Field-of-Knowledge_462,src_Animal_363
src_Criminal_297,src_Building_418
src_Publisher_368,src_Prince_17
src_Politician_418,src_Author_145
src_Entertainer_129,src_Church-Reformer_69
src_Uprising_192,src_Election_385
src_Religious-Leader_34,src_Painter_298
src_Leader_119,src_Publisher_439
src_Treaty_268,src_Composer_351
src_Dynasty_381,src_Professor_22
src_Pope_499,src_Idea_482
src_Physician_137,src_Pastime_162
src_Relic_102,src_Conceptual-Object_246
src_International-Organisation_332,src_Religious-Community_362
src_Military-Unit_219,src_Symbol_90
src_Head-of-Government_239,src_Water_71
src_Geographical-Feature_196,src_Management-Organisation_126
src_Village_106,src_King_162
src_Liturgical-Object_219,src_Dancer_340
src_Movement_109,src_Economic-Symbol_197
src_Armament_487,src_Commodity_369
src_Location_210,src_Train_117
src_Intellectual-Movement_381,src_Period-in-Office_167
src_Criminal_132,src_Representative-Institution_457
src_Sultan_499,src_Religious-Movement_481
src_Magnate_144,src_Conceptual-Object_421
src_Individual_369,src_Landmark_130
src_Idea_135,src_Pollution_7
src_Secular-Ideology_56,src_Trial_140
src_Monastery_56,src_Economic-Symbol_474
src_Military-Organisation_376,src_Philanthropist_346
src_Time-Dependent_292,src_International-Organisation_413
src_Engineer_296,src_Religious-Ideology_238
src_Crime_138,src_Disaster_204
src_University_330,src_Creator_264
src_Social-Group_90,src_Illness_111
src_Armament_153,src_Intellectual-Construct_232
src_Piece-of-Music_100,src_Astronaut_300
src_Economic-Enterprise_365,src_Piece-of-Music_72
src_Uprising_468,src_Head-of-Government_204
src_Intra-State-Group_219,src_Art-Form_331
src_Crime_280,src_Dancer_74
src_Flavour_183,src_Pope_490
src_Business-Leader_99,src_Military-Person_459
src_Time-Dependent-Relation_55,src_Film-Maker_62
src_University_198,src_Symbol_16
src_Building_26,src_FuzzyTemporalInterval_483
src_Journalist_175,src_Landmark_14
src_Time-Dependent-Relation_344,src_Economist_342
src_Secular-Movement_240,src_Sculpture_164
src_Astronaut_122,src_Entertainer_484
src_Economic-Enterprise_210,src_Conductor_271
src_Meeting_380,src_Theologian_428
src_Ecclesiarch_312,src_Engineer_469
src_Time-Dependent-Relation_33,src_Badge_304
src_Engineer_18,src_Time_354
src_Religious-Movement_271,src_National-Symbol_421
src_Trial_452,src_Religious-Movement_270
src_Illness_401,src_Work-of-Art_469
src_Politician_250,src_Pamphlet_272
src_Musician_142,src_Management-Organisation_248
src_Village_296,src_Stereotype-Group_392
src_Legislation_493,src_Dramaturge_96
src_Business-Leader_65,src_Period_85
src_Emperor_436,src_Scandal_270
src_Food_489,src_Work-of-Art_255
src_Clothing_239,src_Structure_431
src_Educational-Organisation_96,src_Discoverer_134
src_Professor_360,src_Writing_353
src_Professor_162,src_Intellectual-Movement_356
src_Social-Stratum_206,src_Artist_269
src_Liturgical-Object_83,src_Location_90
src_Organisation_408,src_League_103
src_Pastime_362,src_Military-Unit_87
src_Crime_464,src_Religious-Symbol_17
src_Religious-Community_64,src_Journal_472
src_Individual_130,src_Work-of-Art_106
src_Clothing_115,src_Artefact_218
src_Board_188,src_Artefact_357
src_Intra-State-Group_17,src_Life-Event_290
